,Umur,Kelamin,Pendidikan,RateHarian,JarakDariRumah,KepuasanKerja,TotalBekerjaSetahun,Attrition,Departemen_Human Resources,Departemen_Research & Development,Departemen_Sales,BisnisPerjalanan_Non-Travel,BisnisPerjalanan_Travel_Frequently,BisnisPerjalanan_Travel_Rarely
0,41,0,2,1102.0,1,3,8,Yes,0,0,1,0,0,1
1,49,1,1,279.0,8,2,10,No,0,1,0,0,1,0
2,37,1,2,1373.0,2,2,7,Yes,0,1,0,0,0,1
3,33,0,4,1392.0,3,3,8,No,0,1,0,0,1,0
4,27,1,1,591.0,2,3,6,No,0,1,0,0,0,1
5,36,1,2,1005.0,2,3,8,No,0,1,0,0,1,0
6,59,0,3,801.7228260869565,3,4,12,No,0,1,0,0,0,1
7,30,1,1,1358.0,24,3,1,No,0,1,0,0,0,1
8,38,1,3,216.0,23,2,10,No,0,1,0,0,1,0
9,36,1,3,1299.0,27,3,17,No,0,1,0,0,0,1
10,35,1,3,809.0,16,4,6,No,0,1,0,0,0,1
11,29,0,2,153.0,15,2,10,No,0,1,0,0,0,1
12,31,1,1,670.0,26,3,5,No,0,1,0,0,0,1
13,34,1,2,1346.0,19,3,3,No,0,1,0,0,0,1
14,28,1,3,103.0,24,2,6,Yes,0,1,0,0,0,1
15,29,0,4,1389.0,21,4,10,No,0,1,0,0,0,1
16,32,1,2,334.0,5,4,7,No,0,1,0,0,0,1
17,22,1,2,1123.0,16,4,1,No,0,1,0,1,0,0
18,53,0,4,1219.0,2,2,31,No,0,0,1,0,0,1
19,38,1,3,371.0,2,3,6,No,0,1,0,0,0,1
20,24,0,2,673.0,11,4,5,No,0,1,0,1,0,0
21,36,1,4,1218.0,9,2,10,Yes,0,0,1,0,0,1
22,34,0,4,419.0,7,3,13,No,0,1,0,0,0,1
23,21,1,2,391.0,15,3,0,No,0,1,0,0,0,1
24,34,1,1,699.0,6,3,8,Yes,0,1,0,0,0,1
25,53,0,3,1282.0,5,3,26,No,0,1,0,0,0,1
26,32,0,1,1125.0,16,1,10,Yes,0,1,0,0,1,0
27,42,1,4,691.0,8,3,10,No,0,0,1,0,0,1
28,44,0,4,477.0,7,2,24,No,0,1,0,0,0,1
29,46,0,4,705.0,2,3,22,No,0,0,1,0,0,1
30,33,1,3,924.0,2,3,7,No,0,1,0,0,0,1
31,44,1,4,1459.0,10,3,9,No,0,1,0,0,0,1
32,30,1,2,125.0,9,2,10,No,0,1,0,0,0,1
33,39,1,3,895.0,5,3,19,Yes,0,0,1,0,0,1
34,24,1,3,813.0,1,3,6,Yes,0,1,0,0,0,1
35,43,0,2,1273.0,2,4,6,No,0,1,0,0,0,1
36,50,1,2,869.0,3,2,3,Yes,0,0,1,0,0,1
37,35,0,3,890.0,2,3,2,No,0,0,1,0,0,1
38,36,0,4,852.0,5,2,6,No,0,1,0,0,0,1
39,33,0,3,1141.0,1,4,10,No,0,0,1,0,1,0
40,35,1,2,464.0,4,3,1,No,0,1,0,0,0,1
41,27,0,4,1240.0,2,3,1,No,0,1,0,0,0,1
42,26,1,3,1357.0,25,1,1,Yes,0,1,0,0,0,1
43,27,1,3,994.0,8,3,9,No,0,0,1,0,1,0
44,30,0,2,721.0,1,3,12,No,0,1,0,0,1,0
45,41,0,3,1360.0,12,3,23,Yes,0,1,0,0,0,1
46,34,1,4,1065.0,23,3,10,No,0,0,1,1,0,0
47,37,1,2,408.0,19,3,8,No,0,1,0,0,0,1
48,46,1,4,1211.0,5,3,14,No,0,0,1,0,1,0
49,35,1,1,1229.0,8,4,1,No,0,1,0,0,0,1
50,48,1,2,626.0,1,2,23,Yes,0,1,0,0,0,1
51,28,1,4,1434.0,5,3,2,Yes,0,1,0,0,0,1
52,44,0,5,1488.0,1,3,9,No,0,0,1,0,0,1
53,35,1,2,1097.0,11,2,10,No,0,1,0,1,0,0
54,26,0,3,1443.0,23,2,5,No,0,0,1,0,0,1
55,33,0,2,515.0,1,3,15,No,0,1,0,0,1,0
56,35,1,5,853.0,18,3,9,No,0,0,1,0,1,0
57,35,0,4,1142.0,23,3,4,No,0,1,0,0,0,1
58,31,1,4,655.0,7,3,10,No,0,1,0,0,0,1
59,37,1,4,1115.0,1,2,7,No,0,1,0,0,0,1
60,32,1,3,427.0,1,3,9,No,0,1,0,0,0,1
61,38,0,5,653.0,29,3,10,No,0,1,0,0,1,0
62,50,0,2,989.0,7,2,29,No,0,1,0,0,0,1
63,59,0,3,1435.0,25,3,28,No,0,0,1,0,0,1
64,36,0,3,1223.0,8,3,17,No,0,1,0,0,0,1
65,55,0,3,836.0,8,3,21,No,0,1,0,0,0,1
66,36,1,3,1195.0,11,2,6,No,0,1,0,0,1,0
67,45,1,3,1339.0,7,3,25,No,0,1,0,0,0,1
68,35,1,3,664.0,1,3,5,No,0,1,0,0,1,0
69,36,1,3,318.0,9,2,2,Yes,0,1,0,0,0,1
70,59,0,1,1225.0,1,2,20,No,0,0,1,0,1,0
71,29,1,3,1328.0,2,3,6,No,0,1,0,0,0,1
72,31,1,4,1082.0,1,3,1,No,0,1,0,0,0,1
73,32,1,3,548.0,1,3,10,No,0,1,0,0,0,1
74,36,0,3,132.0,6,4,5,No,0,1,0,0,0,1
75,31,0,4,746.0,8,3,11,No,0,1,0,0,0,1
76,35,1,4,776.0,1,2,16,No,0,0,1,0,0,1
77,45,1,4,193.0,6,3,17,No,0,1,0,0,0,1
78,37,1,4,397.0,7,3,16,No,0,1,0,0,0,1
79,46,1,2,945.0,5,3,16,No,1,0,0,0,0,1
80,30,1,1,852.0,1,2,10,No,0,1,0,0,0,1
81,35,1,3,1214.0,1,2,6,No,0,1,0,0,0,1
82,55,1,2,111.0,1,3,24,No,0,0,1,0,0,1
83,38,0,3,573.0,6,1,17,No,0,1,0,1,0,0
84,34,1,2,1153.0,1,3,5,No,0,1,0,0,0,1
85,56,1,3,1400.0,7,1,37,No,0,1,0,0,0,1
86,23,1,1,541.0,2,3,3,No,0,0,1,0,0,1
87,51,1,4,432.0,9,3,10,No,0,1,0,0,0,1
88,30,1,3,288.0,2,2,11,No,0,1,0,0,0,1
89,46,1,2,669.0,9,2,9,Yes,0,0,1,0,0,1
90,40,1,4,530.0,1,2,22,No,0,1,0,0,1,0
91,51,1,4,632.0,21,3,11,No,0,0,1,0,0,1
92,30,0,2,1334.0,4,2,11,No,0,0,1,0,0,1
93,46,1,3,638.0,1,2,21,No,0,1,0,0,1,0
94,32,1,4,1093.0,6,3,12,No,0,0,1,0,0,1
95,54,0,4,1217.0,2,3,16,No,0,1,0,0,0,1
96,24,0,2,1353.0,3,3,4,No,0,0,1,0,0,1
97,28,1,3,120.0,4,3,5,No,0,0,1,1,0,0
98,58,1,4,682.0,10,3,38,No,0,0,1,0,0,1
99,44,1,3,489.0,23,3,17,No,0,1,0,1,0,0
100,37,1,4,807.0,6,3,7,Yes,1,0,0,0,0,1
101,32,1,1,827.0,1,3,1,No,0,1,0,0,0,1
102,20,0,3,871.0,6,2,1,Yes,0,1,0,0,1,0
103,34,0,4,665.0,6,3,16,No,0,1,0,0,0,1
104,37,1,2,1040.0,2,2,17,No,0,1,0,1,0,0
105,59,0,4,1420.0,2,2,30,No,1,0,0,1,0,0
106,50,0,3,1115.0,1,3,28,No,0,1,0,0,1,0
107,25,1,3,240.0,5,2,6,Yes,0,0,1,0,0,1
108,25,1,1,1280.0,7,2,2,No,0,1,0,0,0,1
109,22,0,3,534.0,15,3,1,No,0,1,0,0,0,1
110,51,0,4,1456.0,1,2,23,No,0,1,0,0,1,0
111,34,1,3,658.0,7,1,9,Yes,0,1,0,0,1,0
112,54,0,3,142.0,26,4,23,No,1,0,0,1,0,0
113,24,1,1,1127.0,18,3,6,No,0,1,0,0,0,1
114,34,0,4,1031.0,6,2,12,No,0,1,0,0,0,1
115,37,1,3,1189.0,3,3,12,No,0,0,1,0,0,1
116,34,0,3,1354.0,5,2,14,No,0,1,0,0,0,1
117,36,0,2,1467.0,11,3,10,No,0,0,1,0,1,0
118,36,0,2,922.0,3,3,7,No,0,1,0,0,0,1
119,43,1,2,394.0,26,3,25,No,0,0,1,0,1,0
120,30,1,3,1312.0,23,1,10,No,0,1,0,0,1,0
121,33,1,2,750.0,22,3,8,No,0,0,1,1,0,0
122,56,0,4,441.0,14,3,7,Yes,0,1,0,0,0,1
123,51,1,3,684.0,6,3,23,No,0,1,0,0,0,1
124,31,1,4,249.0,6,1,12,Yes,0,0,1,0,0,1
125,26,0,3,841.0,6,2,5,No,0,1,0,0,0,1
126,58,0,4,147.0,23,3,40,Yes,0,1,0,0,0,1
127,19,1,1,528.0,22,3,0,Yes,0,0,1,0,0,1
128,22,1,1,594.0,2,3,3,No,0,1,0,0,0,1
129,49,0,4,470.0,20,3,16,No,0,1,0,0,0,1
130,43,0,3,957.0,28,4,18,No,0,1,0,0,1,0
131,50,0,3,809.0,12,3,16,No,0,0,1,0,1,0
132,31,0,3,542.0,20,1,4,Yes,0,0,1,0,0,1
133,41,1,1,802.0,9,3,12,No,0,0,1,0,0,1
134,26,0,1,1355.0,25,3,8,No,1,0,0,0,0,1
135,36,1,2,216.0,6,3,7,No,0,1,0,0,0,1
136,51,1,4,1150.0,8,1,18,Yes,0,1,0,0,1,0
137,39,0,4,1329.0,4,2,17,No,0,0,1,0,0,1
138,25,1,3,959.0,28,2,6,No,0,0,1,0,0,1
139,30,1,3,1240.0,9,3,12,No,1,0,0,0,0,1
140,32,0,3,1033.0,9,3,10,Yes,0,1,0,0,0,1
141,45,1,3,1316.0,29,3,9,No,0,1,0,0,0,1
142,38,0,5,364.0,3,3,19,No,0,1,0,0,0,1
143,30,0,3,438.0,18,3,5,No,0,1,0,0,0,1
144,32,1,2,689.0,9,1,9,No,0,0,1,0,1,0
145,30,0,3,201.0,5,3,8,No,0,1,0,0,0,1
146,30,1,1,1427.0,2,2,6,No,0,1,0,0,0,1
147,41,1,3,857.0,10,2,21,No,0,1,0,0,1,0
148,41,1,4,933.0,9,3,7,No,0,1,0,0,0,1
149,19,0,1,1181.0,3,3,1,No,0,1,0,0,0,1
150,40,0,3,1395.0,26,3,20,No,0,1,0,0,1,0
151,35,1,5,662.0,1,3,10,No,0,0,1,0,0,1
152,53,1,2,1436.0,6,3,13,No,0,0,1,0,0,1
153,45,1,3,194.0,9,3,20,No,0,1,0,0,0,1
154,32,0,3,967.0,8,3,9,No,0,0,1,0,1,0
155,29,1,1,1496.0,1,3,10,No,0,1,0,1,0,0
156,51,1,4,1169.0,7,2,10,No,0,1,0,0,0,1
157,58,0,3,1145.0,9,2,9,No,0,1,0,0,0,1
158,40,1,4,630.0,4,2,15,No,0,0,1,0,0,1
159,34,0,4,303.0,2,3,6,No,0,0,1,0,1,0
160,22,1,1,1256.0,19,3,2,No,0,1,0,0,0,1
161,27,1,3,691.0,9,3,6,No,0,1,0,1,0,0
162,28,1,3,440.0,21,3,5,No,0,1,0,0,0,1
163,57,1,2,334.0,24,4,12,No,0,1,0,0,0,1
164,27,1,3,1450.0,3,2,1,No,0,1,0,1,0,0
165,50,0,3,1452.0,11,3,21,No,0,1,0,0,0,1
166,41,1,3,465.0,14,3,13,No,0,1,0,0,0,1
167,30,0,3,1339.0,5,3,12,No,0,0,1,0,0,1
168,38,0,4,702.0,1,2,12,No,0,0,1,0,0,1
169,32,1,5,120.0,6,3,8,No,0,1,0,0,0,1
170,27,1,3,1157.0,17,3,6,No,0,1,0,0,0,1
171,19,0,1,602.0,1,1,1,Yes,0,0,1,0,1,0
172,36,1,2,1480.0,3,3,13,No,0,1,0,0,1,0
173,30,1,3,111.0,9,3,12,No,0,1,0,1,0,0
174,45,0,2,1268.0,4,3,9,No,0,0,1,0,0,1
175,56,0,3,713.0,8,3,19,No,0,1,0,0,0,1
176,33,1,3,134.0,2,3,4,No,0,1,0,0,0,1
177,19,1,3,303.0,2,2,1,Yes,0,1,0,0,0,1
178,46,0,2,526.0,1,3,24,No,0,0,1,0,0,1
179,38,0,2,1380.0,9,3,2,No,0,1,0,0,0,1
180,31,0,1,140.0,12,3,7,No,0,1,0,0,0,1
181,34,0,2,629.0,27,3,9,No,0,1,0,0,0,1
182,41,0,2,1356.0,20,3,4,Yes,0,0,1,0,0,1
183,50,1,3,328.0,1,2,5,No,0,1,0,0,0,1
184,53,0,2,1084.0,13,4,5,No,0,1,0,0,0,1
185,33,0,3,931.0,14,3,8,No,0,1,0,0,0,1
186,40,0,1,989.0,4,3,21,No,0,1,0,0,0,1
187,55,1,4,692.0,14,4,36,No,0,1,0,0,0,1
188,34,1,1,1069.0,2,2,10,No,0,1,0,0,1,0
189,51,0,3,313.0,3,3,21,No,0,1,0,0,0,1
190,52,1,4,699.0,1,2,34,No,0,1,0,0,0,1
191,27,0,3,894.0,9,3,7,No,0,1,0,0,0,1
192,35,1,2,556.0,23,2,8,Yes,0,1,0,0,0,1
193,43,1,3,1344.0,7,4,7,No,0,1,0,1,0,0
194,45,1,2,1195.0,2,2,22,No,0,1,0,1,0,0
195,37,1,3,290.0,21,4,8,No,0,1,0,0,0,1
196,35,0,3,138.0,2,3,10,No,0,1,0,0,1,0
197,42,0,2,926.0,21,3,11,No,0,1,0,1,0,0
198,38,1,4,1261.0,2,3,14,No,0,1,0,0,0,1
199,38,1,3,1084.0,29,3,9,No,0,1,0,0,0,1
200,27,1,1,472.0,1,2,6,No,0,1,0,0,1,0
201,49,1,4,1002.0,18,3,7,No,0,1,0,1,0,0
202,34,1,4,878.0,10,3,5,No,0,1,0,0,1,0
203,40,1,2,905.0,19,3,15,No,0,1,0,0,0,1
204,38,1,1,1180.0,29,3,17,Yes,0,1,0,0,0,1
205,29,0,3,121.0,27,3,10,Yes,0,0,1,0,0,1
206,22,1,3,1136.0,5,4,4,No,0,1,0,0,0,1
207,36,0,1,635.0,18,3,8,No,0,1,0,0,1,0
208,40,1,5,1151.0,9,2,5,No,0,1,0,1,0,0
209,46,1,4,644.0,1,3,17,No,0,1,0,0,0,1
210,32,1,4,1045.0,4,1,14,Yes,0,0,1,0,0,1
211,30,1,1,829.0,1,2,12,No,0,1,0,1,0,0
212,27,0,3,1242.0,20,3,7,No,0,0,1,0,1,0
213,51,1,4,1469.0,8,2,16,No,0,1,0,0,0,1
214,30,0,3,1005.0,3,3,8,Yes,0,1,0,0,0,1
215,41,0,3,896.0,6,3,16,No,0,0,1,0,0,1
216,30,0,4,334.0,26,2,9,Yes,0,0,1,0,1,0
217,29,1,3,992.0,1,3,7,Yes,0,1,0,0,0,1
218,45,0,3,1052.0,6,2,23,No,0,0,1,1,0,0
219,54,0,3,1147.0,3,3,16,No,0,0,1,0,0,1
220,36,1,2,1396.0,5,3,16,No,0,1,0,0,0,1
221,33,0,4,147.0,4,2,7,No,0,1,0,0,0,1
222,37,1,3,663.0,11,3,10,No,0,1,0,0,1,0
223,38,1,3,119.0,3,3,17,No,0,0,1,0,0,1
224,31,1,4,979.0,1,1,6,No,0,1,0,1,0,0
225,59,1,3,142.0,3,2,7,No,0,1,0,0,0,1
226,37,1,4,319.0,4,3,13,No,0,0,1,0,1,0
227,29,0,1,1413.0,1,3,11,No,0,0,1,0,1,0
228,35,0,3,944.0,1,3,10,No,0,0,1,0,1,0
229,29,1,1,896.0,18,2,4,Yes,0,1,0,0,0,1
230,52,0,3,1323.0,2,2,6,No,0,1,0,0,0,1
231,42,1,2,532.0,4,3,22,No,0,1,0,0,0,1
232,59,1,2,818.0,6,3,7,No,1,0,0,0,0,1
233,50,0,4,854.0,1,3,32,No,0,0,1,0,0,1
234,33,1,3,813.0,14,3,8,Yes,0,1,0,0,0,1
235,43,0,3,1034.0,16,3,22,No,0,0,1,0,0,1
236,33,0,2,465.0,2,3,13,Yes,0,1,0,0,0,1
237,52,1,4,771.0,2,2,33,No,0,0,1,1,0,0
238,32,0,2,1401.0,4,3,6,No,0,0,1,0,0,1
239,32,1,3,515.0,1,2,4,Yes,0,1,0,0,0,1
240,39,0,4,1431.0,1,3,7,No,0,1,0,0,0,1
241,32,1,4,976.0,26,3,4,No,0,0,1,1,0,0
242,41,1,2,1411.0,19,3,17,No,0,1,0,0,0,1
243,40,1,2,1300.0,24,3,9,No,0,1,0,0,0,1
244,45,1,3,252.0,1,4,25,No,0,1,0,0,0,1
245,31,1,4,1327.0,3,3,9,No,0,1,0,0,1,0
246,33,0,4,832.0,5,2,2,No,0,1,0,0,0,1
247,34,1,4,470.0,2,2,13,No,0,1,0,0,0,1
248,37,0,2,1017.0,1,2,17,No,0,1,0,0,0,1
249,45,1,4,1199.0,7,4,9,No,0,1,0,0,1,0
250,37,1,3,504.0,10,3,17,Yes,0,1,0,0,1,0
251,39,0,4,505.0,2,3,20,No,0,1,0,0,1,0
252,29,1,3,665.0,15,3,6,No,0,1,0,0,0,1
253,42,0,2,916.0,17,4,10,No,0,1,0,0,0,1
254,29,1,2,1247.0,20,3,10,No,0,0,1,0,0,1
255,25,0,3,685.0,1,3,5,No,0,1,0,0,0,1
256,42,0,3,269.0,2,2,10,No,0,1,0,0,0,1
257,40,1,2,1416.0,2,3,22,No,0,1,0,0,0,1
258,51,1,3,833.0,1,3,1,No,0,1,0,0,0,1
259,31,1,2,307.0,29,2,6,Yes,0,1,0,0,1,0
260,32,1,3,1311.0,7,4,5,No,0,1,0,0,1,0
261,38,1,2,1327.0,2,2,13,No,0,0,1,1,0,0
262,32,1,1,128.0,2,2,9,No,0,1,0,0,0,1
263,46,0,3,488.0,2,1,28,No,0,0,1,0,0,1
264,28,1,4,529.0,2,3,5,Yes,0,1,0,0,0,1
265,29,1,3,1210.0,2,2,10,No,0,0,1,0,0,1
266,31,1,3,1463.0,23,2,10,No,0,1,0,0,0,1
267,25,1,2,675.0,5,4,6,No,0,1,0,1,0,0
268,45,1,2,1385.0,20,3,21,No,0,1,0,0,0,1
269,36,1,3,1403.0,6,3,16,No,0,1,0,0,0,1
270,55,1,3,452.0,1,3,37,No,0,1,0,0,0,1
271,47,1,4,666.0,29,3,10,Yes,0,1,0,1,0,0
272,28,1,3,1158.0,9,3,5,No,0,1,0,0,0,1
273,37,1,4,228.0,6,3,7,No,0,0,1,0,0,1
274,21,1,2,996.0,3,2,3,No,0,1,0,0,0,1
275,37,0,4,728.0,1,3,15,No,0,1,0,1,0,0
276,35,0,3,1315.0,22,4,10,No,0,1,0,0,0,1
277,38,0,2,322.0,7,4,8,No,0,0,1,0,0,1
278,26,0,3,1479.0,1,3,6,No,0,1,0,0,1,0
279,50,1,1,797.0,4,3,28,No,0,1,0,0,0,1
280,53,1,4,1070.0,3,3,21,No,0,1,0,0,0,1
281,42,1,1,635.0,1,3,20,No,0,0,1,0,0,1
282,29,1,2,442.0,2,3,10,No,0,0,1,0,1,0
283,55,1,2,147.0,20,3,12,No,0,1,0,0,0,1
284,26,1,2,496.0,11,3,5,No,0,1,0,0,1,0
285,37,0,3,1372.0,1,3,17,No,0,1,0,0,0,1
286,44,1,3,920.0,24,3,19,Yes,0,1,0,0,1,0
287,38,1,4,688.0,23,3,10,No,0,1,0,0,0,1
288,26,1,4,1449.0,16,3,5,Yes,0,1,0,0,0,1
289,28,0,2,1117.0,8,3,5,No,0,1,0,0,0,1
290,49,0,4,636.0,10,3,22,No,0,1,0,0,1,0
291,36,1,3,506.0,3,3,10,No,0,1,0,0,0,1
292,31,0,3,444.0,5,3,2,No,0,0,1,0,1,0
293,26,1,4,950.0,4,2,8,Yes,0,0,1,0,0,1
294,37,1,3,889.0,9,3,4,No,0,1,0,0,1,0
295,42,0,3,555.0,26,3,23,No,0,0,1,0,1,0
296,18,1,3,230.0,3,3,0,Yes,0,1,0,0,0,1
297,35,1,3,1232.0,16,3,12,No,0,0,1,0,0,1
298,36,1,4,566.0,18,4,4,No,0,1,0,0,1,0
299,51,1,3,1302.0,2,1,13,No,0,1,0,0,0,1
300,41,1,4,334.0,2,3,22,No,0,0,1,0,0,1
301,18,0,3,812.0,10,2,0,No,0,0,1,0,0,1
302,28,1,2,1476.0,16,4,9,No,0,1,0,0,0,1
303,31,1,3,218.0,7,4,10,No,0,0,1,0,0,1
304,39,1,3,1132.0,1,4,19,No,0,1,0,0,0,1
305,36,0,4,1105.0,24,3,11,No,0,1,0,1,0,0
306,32,1,3,906.0,7,2,13,No,0,0,1,0,0,1
307,38,0,2,849.0,25,2,19,No,0,1,0,0,0,1
308,58,1,4,390.0,1,1,12,No,0,1,0,1,0,0
309,31,1,4,691.0,5,3,6,No,0,1,0,0,0,1
310,31,1,3,106.0,2,2,9,No,1,0,0,0,0,1
311,45,1,3,1249.0,7,3,24,No,0,1,0,0,1,0
312,31,1,4,192.0,2,3,3,No,0,1,0,0,0,1
313,33,0,4,553.0,5,3,12,No,0,1,0,0,1,0
314,39,1,1,117.0,10,3,21,No,0,1,0,0,0,1
315,43,0,4,185.0,10,3,9,No,0,1,0,0,1,0
316,49,0,2,1091.0,1,2,25,No,0,1,0,0,0,1
317,52,1,4,723.0,8,2,11,Yes,0,1,0,0,0,1
318,27,0,3,1220.0,5,3,4,No,0,1,0,0,0,1
319,32,0,2,588.0,8,2,13,No,0,0,1,0,0,1
320,27,1,3,1377.0,2,3,5,No,0,0,1,0,0,1
321,31,1,3,691.0,7,3,13,No,0,0,1,0,0,1
322,32,0,4,1018.0,2,4,10,No,0,1,0,0,0,1
323,28,1,4,1157.0,2,1,5,Yes,0,1,0,0,0,1
324,30,0,2,1275.0,28,3,11,No,0,1,0,0,0,1
325,31,0,2,798.0,7,2,10,No,0,1,0,0,1,0
326,39,1,2,672.0,7,2,21,No,0,1,0,0,1,0
327,39,0,2,1162.0,3,3,12,Yes,0,0,1,0,0,1
328,33,1,3,508.0,10,2,9,No,0,0,1,0,1,0
329,47,1,5,1482.0,5,3,21,No,0,1,0,0,0,1
330,43,0,4,559.0,10,2,9,No,0,1,0,0,1,0
331,27,1,1,210.0,1,3,6,No,0,0,1,1,0,0
332,54,0,4,928.0,20,3,20,No,0,1,0,0,1,0
333,43,0,3,1001.0,7,3,10,No,0,1,0,0,0,1
334,45,1,4,549.0,8,3,12,No,0,1,0,0,0,1
335,40,1,2,1124.0,1,1,6,No,0,0,1,0,0,1
336,29,1,4,318.0,8,1,7,Yes,0,1,0,0,0,1
337,29,1,5,738.0,9,2,4,No,0,1,0,0,0,1
338,30,0,3,570.0,5,2,10,No,0,0,1,0,0,1
339,27,0,4,1130.0,8,3,8,No,0,0,1,0,0,1
340,37,1,2,1192.0,5,3,8,No,0,1,0,0,0,1
341,38,1,2,343.0,15,2,12,No,0,1,0,0,0,1
342,31,0,4,1232.0,7,3,11,No,0,1,0,0,0,1
343,29,0,1,144.0,10,2,7,No,0,0,1,0,0,1
344,35,1,4,1296.0,5,3,17,No,0,1,0,0,0,1
345,23,1,1,1309.0,26,3,4,No,0,1,0,0,0,1
346,41,1,3,483.0,6,2,8,No,0,1,0,0,0,1
347,47,1,1,1309.0,4,3,5,No,0,0,1,0,1,0
348,42,0,5,810.0,23,3,16,No,0,1,0,0,0,1
349,29,1,3,746.0,2,3,4,No,0,0,1,1,0,0
350,42,1,1,544.0,2,3,4,No,1,0,0,0,0,1
351,32,0,3,1062.0,2,3,8,No,0,1,0,0,0,1
352,48,0,1,530.0,29,3,15,No,0,0,1,0,0,1
353,37,1,3,1319.0,6,4,13,No,0,1,0,0,0,1
354,30,0,2,641.0,25,3,4,No,0,0,1,1,0,0
355,26,1,3,933.0,1,3,8,No,0,0,1,0,0,1
356,42,1,4,1332.0,2,2,14,No,0,1,0,0,0,1
357,21,0,1,756.0,1,2,3,Yes,0,0,1,0,1,0
358,36,0,5,845.0,1,3,7,No,0,0,1,1,0,0
359,36,1,4,541.0,3,2,16,No,0,0,1,0,1,0
360,57,1,4,593.0,1,3,15,No,0,1,0,0,0,1
361,40,0,4,1171.0,10,4,10,No,0,1,0,0,0,1
362,21,1,2,895.0,9,3,3,No,0,0,1,1,0,0
363,33,0,3,350.0,5,3,1,Yes,0,0,1,0,0,1
364,37,0,3,921.0,10,3,17,No,0,1,0,0,0,1
365,46,0,4,1144.0,7,3,7,No,0,1,0,1,0,0
366,41,1,3,143.0,4,3,8,Yes,0,0,1,0,1,0
367,50,1,3,1046.0,10,2,20,No,0,1,0,0,0,1
368,40,1,2,575.0,22,2,8,Yes,0,0,1,0,0,1
369,31,1,4,408.0,9,2,3,No,0,1,0,0,0,1
370,21,0,3,156.0,12,4,1,Yes,0,0,1,0,0,1
371,29,1,3,1283.0,23,3,6,No,0,1,0,0,0,1
372,35,1,4,755.0,9,2,10,No,0,1,0,0,0,1
373,27,1,2,1469.0,1,3,5,No,0,1,0,0,0,1
374,28,1,4,304.0,9,3,7,No,0,0,1,0,0,1
375,49,1,3,1261.0,7,2,26,No,0,1,0,0,0,1
376,51,0,2,1178.0,14,3,18,No,0,0,1,0,0,1
377,36,0,3,329.0,2,3,6,No,0,1,0,0,0,1
378,34,1,3,1362.0,19,4,9,Yes,0,0,1,1,0,0
379,55,0,3,1311.0,2,3,30,No,0,1,0,0,0,1
380,24,0,4,1371.0,10,3,5,No,0,0,1,0,0,1
381,30,1,1,202.0,2,3,1,No,0,0,1,0,0,1
382,26,1,1,575.0,3,3,7,Yes,0,1,0,0,1,0
383,22,0,3,253.0,11,3,2,No,0,1,0,0,0,1
384,36,1,2,164.0,2,2,10,No,0,0,1,0,0,1
385,30,1,3,464.0,4,3,3,Yes,0,1,0,0,1,0
386,37,0,3,1107.0,14,3,18,No,0,1,0,0,0,1
387,40,0,2,759.0,2,3,8,No,0,0,1,0,0,1
388,42,0,4,201.0,1,3,8,No,0,1,0,0,0,1
389,37,1,4,1305.0,10,3,18,No,0,1,0,0,0,1
390,43,1,3,982.0,12,2,25,No,0,1,0,0,0,1
391,40,0,3,555.0,2,2,20,No,0,1,0,0,0,1
392,54,1,2,821.0,5,3,24,No,0,1,0,0,0,1
393,34,0,4,1381.0,4,3,6,No,0,0,1,1,0,0
394,31,0,2,480.0,7,3,13,No,0,1,0,0,0,1
395,43,1,3,313.0,21,3,8,No,0,1,0,0,1,0
396,43,0,4,1473.0,8,3,8,No,0,1,0,0,0,1
397,25,0,2,891.0,4,2,5,No,0,0,1,0,0,1
398,37,0,5,1063.0,25,3,15,No,0,1,0,1,0,0
399,31,1,2,329.0,1,2,4,No,0,1,0,0,0,1
400,39,1,1,1218.0,1,3,21,No,0,1,0,0,1,0
401,56,0,3,906.0,6,4,36,No,0,0,1,0,1,0
402,30,0,3,1082.0,12,3,6,No,0,0,1,0,0,1
403,41,1,3,645.0,1,4,10,No,0,0,1,0,0,1
404,28,1,2,1300.0,17,3,10,No,0,1,0,0,0,1
405,25,1,3,688.0,3,3,6,Yes,0,1,0,0,0,1
406,52,1,3,319.0,3,2,28,No,0,1,0,0,0,1
407,45,1,2,192.0,10,3,8,No,0,1,0,0,0,1
408,52,0,2,1490.0,4,3,31,No,0,1,0,0,0,1
409,42,0,2,532.0,29,3,19,No,0,1,0,0,1,0
410,30,0,3,317.0,2,1,11,No,0,1,0,0,0,1
411,60,0,3,422.0,7,3,33,No,0,1,0,0,0,1
412,46,0,3,1485.0,18,3,19,No,0,1,0,0,0,1
413,42,0,4,1368.0,28,2,7,No,0,1,0,0,1,0
414,24,0,1,1448.0,1,3,6,Yes,0,0,1,0,0,1
415,34,0,2,296.0,6,1,3,Yes,0,0,1,0,1,0
416,38,1,2,1490.0,2,3,1,No,0,1,0,0,1,0
417,40,0,4,1398.0,2,3,21,No,0,0,1,0,0,1
418,26,0,3,1349.0,23,3,3,No,0,1,0,0,0,1
419,30,1,3,1400.0,3,3,9,No,0,1,0,1,0,0
420,29,1,4,986.0,3,2,10,No,0,1,0,0,0,1
421,29,0,5,408.0,25,2,6,Yes,0,1,0,0,0,1
422,19,1,2,489.0,2,2,1,Yes,1,0,0,0,0,1
423,30,0,4,1398.0,22,3,10,No,0,0,1,1,0,0
424,57,1,3,210.0,29,2,32,No,0,0,1,0,0,1
425,50,1,4,1099.0,29,2,28,No,0,1,0,0,0,1
426,30,0,3,1116.0,2,3,12,No,0,1,0,1,0,0
427,60,0,3,1499.0,28,2,22,No,0,0,1,0,1,0
428,47,0,2,983.0,2,3,20,No,0,1,0,0,0,1
429,46,1,3,1009.0,2,3,26,No,0,1,0,0,0,1
430,35,1,3,144.0,22,1,6,No,0,1,0,0,0,1
431,54,0,4,548.0,8,3,19,No,0,1,0,0,0,1
432,34,1,4,1303.0,2,2,14,No,0,1,0,0,0,1
433,46,0,3,1125.0,10,2,15,No,0,0,1,0,0,1
434,31,1,1,1274.0,9,3,13,No,0,1,0,0,0,1
435,33,1,1,1277.0,15,3,15,Yes,0,1,0,0,0,1
436,33,1,1,587.0,10,1,8,Yes,0,1,0,0,0,1
437,30,1,1,413.0,7,3,4,No,0,0,1,0,0,1
438,35,1,3,1276.0,16,3,10,No,0,1,0,0,0,1
439,31,1,3,534.0,20,3,12,Yes,0,1,0,0,1,0
440,34,0,3,988.0,23,3,11,Yes,1,0,0,0,1,0
441,42,1,2,1474.0,5,3,8,No,0,1,0,0,1,0
442,36,1,4,635.0,10,3,10,No,0,0,1,1,0,0
443,22,1,1,1368.0,4,2,4,Yes,0,1,0,0,1,0
444,48,0,5,163.0,2,3,14,No,0,0,1,0,0,1
445,55,0,5,1117.0,18,3,37,No,0,0,1,0,0,1
446,41,1,2,267.0,10,3,16,No,0,0,1,1,0,0
447,35,1,3,619.0,1,3,15,No,0,0,1,0,0,1
448,40,0,3,302.0,6,3,22,No,0,1,0,0,0,1
449,39,0,1,443.0,8,3,8,No,0,1,0,0,1,0
450,31,1,1,828.0,2,3,10,No,0,0,1,0,0,1
451,42,1,3,319.0,24,3,10,No,0,1,0,0,0,1
452,45,1,3,561.0,2,3,9,No,0,0,1,0,0,1
453,26,0,4,426.0,17,3,8,Yes,1,0,0,0,1,0
454,29,1,3,232.0,19,3,8,No,0,1,0,0,0,1
455,33,0,5,922.0,1,4,10,No,0,1,0,0,0,1
456,31,1,3,688.0,7,2,10,No,0,0,1,0,0,1
457,18,1,3,1306.0,5,3,0,Yes,0,0,1,0,1,0
458,40,1,3,1094.0,28,1,20,No,0,0,1,1,0,0
459,41,0,4,509.0,2,2,10,No,0,1,0,1,0,0
460,26,1,2,775.0,29,3,8,No,0,0,1,0,0,1
461,35,0,3,195.0,1,3,5,No,0,0,1,0,0,1
462,34,1,4,258.0,21,4,10,No,0,0,1,0,0,1
463,26,1,3,471.0,24,1,1,Yes,0,1,0,0,0,1
464,37,0,3,799.0,1,3,12,No,0,1,0,0,0,1
465,46,0,1,1034.0,18,3,28,No,0,1,0,0,1,0
466,41,0,5,1276.0,2,3,22,No,0,0,1,0,0,1
467,37,1,4,142.0,9,3,9,No,0,0,1,1,0,0
468,52,1,2,956.0,6,3,18,No,0,1,0,0,0,1
469,32,1,4,1474.0,11,4,6,Yes,0,0,1,1,0,0
470,24,1,3,535.0,24,3,3,No,0,0,1,0,1,0
471,38,0,3,1495.0,10,3,18,No,0,1,0,0,0,1
472,37,0,4,446.0,1,3,8,No,0,1,0,0,0,1
473,49,1,4,1245.0,18,2,31,No,0,1,0,0,0,1
474,24,1,3,691.0,23,4,6,No,0,1,0,0,0,1
475,26,1,2,703.0,28,3,6,No,0,0,1,0,0,1
476,24,1,2,823.0,17,2,1,No,0,1,0,0,0,1
477,50,1,3,1246.0,3,3,32,No,1,0,0,0,1,0
478,25,1,1,622.0,13,3,7,No,0,0,1,0,0,1
479,24,0,3,1287.0,7,3,6,Yes,0,1,0,0,1,0
480,30,1,4,448.0,12,2,1,Yes,0,0,1,0,1,0
481,34,1,2,254.0,1,2,6,No,0,1,0,0,0,1
482,31,1,4,1365.0,13,3,9,Yes,0,0,1,0,0,1
483,35,1,2,538.0,25,2,9,No,0,1,0,0,0,1
484,31,1,4,525.0,6,4,13,No,0,0,1,0,0,1
485,27,0,4,798.0,6,2,6,No,0,1,0,0,0,1
486,37,1,3,558.0,2,3,17,No,0,0,1,0,0,1
487,20,0,3,959.0,1,2,1,No,0,1,0,0,0,1
488,42,0,4,622.0,2,3,10,No,0,1,0,0,0,1
489,43,1,4,782.0,6,2,21,No,0,1,0,0,0,1
490,38,0,1,362.0,1,3,8,No,0,1,0,0,0,1
491,43,1,5,1001.0,9,3,10,No,0,1,0,0,1,0
492,48,0,4,1236.0,1,2,21,No,0,1,0,0,0,1
493,44,0,4,1112.0,1,2,10,No,1,0,0,0,0,1
494,34,0,3,204.0,14,3,8,No,0,0,1,0,0,1
495,27,1,1,1420.0,2,3,5,Yes,0,0,1,0,0,1
496,21,1,1,1343.0,22,3,3,No,0,0,1,0,0,1
497,44,1,4,1315.0,3,3,26,No,0,1,0,0,0,1
498,22,1,1,604.0,6,3,3,No,0,1,0,0,0,1
499,33,1,4,1216.0,8,3,6,No,0,0,1,0,0,1
500,32,0,4,646.0,9,3,6,No,0,1,0,0,0,1
501,30,0,3,160.0,3,3,1,No,0,1,0,0,1,0
502,53,0,1,238.0,1,3,18,No,0,0,1,0,0,1
503,34,1,5,1397.0,1,3,10,No,0,1,0,0,0,1
504,45,0,4,306.0,26,3,5,Yes,0,0,1,0,1,0
505,26,0,3,991.0,6,3,3,No,0,1,0,0,0,1
506,37,1,3,482.0,3,3,10,No,0,1,0,0,0,1
507,29,0,2,1176.0,3,3,6,No,0,0,1,0,0,1
508,35,1,4,1017.0,6,1,17,No,0,1,0,0,0,1
509,33,1,3,1296.0,6,3,15,No,0,1,0,0,1,0
510,54,1,4,397.0,19,3,16,No,1,0,0,0,0,1
511,36,1,2,913.0,9,2,13,No,0,1,0,0,0,1
512,27,1,4,1115.0,3,2,5,No,0,1,0,0,0,1
513,20,1,1,1362.0,10,3,1,Yes,0,1,0,0,0,1
514,33,1,3,1076.0,3,3,10,Yes,0,1,0,0,1,0
515,35,1,3,727.0,3,2,1,No,0,1,0,1,0,0
516,23,1,3,885.0,4,4,5,No,0,1,0,0,0,1
517,25,1,3,810.0,8,4,4,No,0,0,1,0,0,1
518,38,0,4,243.0,7,2,8,No,0,0,1,0,0,1
519,29,1,4,806.0,1,1,10,No,0,1,0,0,1,0
520,48,1,1,817.0,2,4,12,No,0,0,1,0,0,1
521,27,0,1,1410.0,3,4,6,No,0,0,1,0,1,0
522,37,1,2,1225.0,10,4,4,No,0,1,0,0,0,1
523,50,1,1,1207.0,28,4,20,No,0,1,0,0,0,1
524,34,0,3,1442.0,9,2,9,No,0,1,0,0,0,1
525,24,0,2,693.0,3,3,4,Yes,0,0,1,0,0,1
526,39,0,4,408.0,2,2,20,No,0,1,0,0,0,1
527,32,1,3,929.0,10,3,10,No,0,0,1,0,0,1
528,50,1,2,562.0,8,3,18,Yes,0,0,1,0,1,0
529,38,0,4,827.0,1,4,10,No,0,1,0,0,0,1
530,27,0,2,608.0,1,3,9,No,0,1,0,0,0,1
531,32,0,2,1018.0,3,3,10,No,0,1,0,0,0,1
532,47,1,4,703.0,14,3,20,No,0,0,1,0,0,1
533,40,1,4,580.0,5,2,20,No,0,0,1,0,1,0
534,53,1,3,970.0,7,4,32,No,0,1,0,0,0,1
535,41,1,4,427.0,10,2,23,No,1,0,0,0,0,1
536,60,1,4,1179.0,16,3,10,No,0,0,1,0,0,1
537,27,1,2,294.0,10,3,9,No,0,1,0,0,1,0
538,41,1,3,314.0,1,2,22,No,1,0,0,0,0,1
539,50,1,4,316.0,8,3,4,No,0,0,1,0,0,1
540,28,0,2,654.0,1,1,10,Yes,0,1,0,0,0,1
541,36,0,3,427.0,8,4,10,No,0,1,0,1,0,0
542,38,0,3,168.0,1,3,10,No,0,1,0,0,0,1
543,44,1,3,381.0,24,1,9,No,0,1,0,1,0,0
544,47,0,3,217.0,3,3,28,No,0,0,1,0,1,0
545,30,1,5,501.0,27,3,10,No,0,0,1,0,0,1
546,29,1,3,1396.0,10,3,1,No,0,0,1,0,0,1
547,42,1,3,933.0,19,4,7,Yes,0,1,0,0,1,0
548,43,1,3,775.0,15,2,7,No,0,0,1,0,1,0
549,34,0,2,970.0,8,3,10,No,0,1,0,0,0,1
550,23,1,1,650.0,9,3,5,No,0,1,0,0,0,1
551,39,0,3,141.0,3,4,12,No,1,0,0,0,0,1
552,56,1,3,832.0,9,3,30,No,0,1,0,0,0,1
553,40,0,1,804.0,2,2,5,No,0,1,0,0,0,1
554,27,0,3,975.0,7,2,9,No,0,1,0,0,0,1
555,29,1,3,1090.0,10,3,2,No,0,0,1,0,0,1
556,53,1,3,346.0,6,3,19,No,0,1,0,0,0,1
557,35,0,4,1225.0,2,3,16,No,0,1,0,1,0,0
558,32,1,4,430.0,24,3,10,No,0,1,0,0,1,0
559,38,1,5,268.0,2,3,6,No,0,1,0,0,0,1
560,34,0,5,167.0,8,3,7,No,0,1,0,0,0,1
561,52,1,4,621.0,3,2,34,No,0,0,1,0,0,1
562,33,1,4,527.0,1,3,10,Yes,0,1,0,0,0,1
563,25,0,1,883.0,26,3,6,No,0,0,1,0,0,1
564,45,1,2,954.0,2,1,9,No,0,0,1,0,0,1
565,23,1,1,310.0,10,4,2,No,0,1,0,0,0,1
566,47,0,2,719.0,27,4,8,Yes,0,0,1,0,1,0
567,34,1,3,304.0,2,3,6,No,0,0,1,0,0,1
568,55,1,3,725.0,2,3,24,Yes,0,1,0,0,0,1
569,36,1,4,1434.0,8,2,10,No,0,0,1,1,0,0
570,52,1,4,715.0,19,3,5,No,0,1,0,1,0,0
571,26,0,2,575.0,1,1,5,No,0,1,0,0,1,0
572,29,0,3,657.0,27,3,11,No,0,1,0,0,0,1
573,26,1,3,1146.0,8,2,6,Yes,0,0,1,0,0,1
574,34,0,4,182.0,1,4,10,No,0,1,0,0,0,1
575,54,0,4,376.0,19,3,9,No,0,1,0,0,0,1
576,27,1,1,829.0,8,3,5,No,0,0,1,0,1,0
577,37,0,1,571.0,10,3,6,No,0,1,0,0,0,1
578,38,0,4,240.0,2,4,17,No,0,1,0,0,1,0
579,34,0,4,121.0,2,2,6,No,0,1,0,0,0,1
580,35,0,4,384.0,8,3,3,No,0,0,1,0,0,1
581,30,1,3,921.0,1,1,7,No,0,1,0,0,0,1
582,40,0,2,791.0,2,4,8,No,0,1,0,0,1,0
583,34,0,2,1111.0,8,3,6,No,0,0,1,0,0,1
584,42,1,3,570.0,8,3,24,No,0,1,0,0,1,0
585,23,1,3,1243.0,6,4,1,Yes,0,1,0,0,0,1
586,24,1,3,1092.0,9,2,1,No,0,1,0,1,0,0
587,52,0,4,1325.0,11,3,9,No,0,1,0,0,0,1
588,50,1,3,691.0,2,3,30,No,0,1,0,0,0,1
589,29,0,2,805.0,1,2,1,Yes,0,1,0,0,0,1
590,33,1,3,213.0,7,3,14,No,0,1,0,0,0,1
591,33,0,3,118.0,16,3,6,Yes,0,0,1,0,0,1
592,47,0,2,202.0,2,3,26,No,0,1,0,0,0,1
593,36,0,3,676.0,1,3,10,No,0,1,0,0,0,1
594,29,1,2,1252.0,23,4,10,No,0,1,0,0,0,1
595,58,1,4,286.0,2,3,40,Yes,0,1,0,0,0,1
596,35,0,4,1258.0,1,4,7,No,0,1,0,0,0,1
597,42,0,2,932.0,1,2,8,No,0,1,0,0,0,1
598,28,1,4,890.0,2,3,5,Yes,0,1,0,0,0,1
599,36,1,3,1041.0,13,3,8,No,1,0,0,0,0,1
600,32,0,3,859.0,4,2,14,No,0,1,0,0,0,1
601,40,1,4,720.0,16,2,10,No,0,1,0,0,1,0
602,30,0,3,946.0,2,2,12,No,0,1,0,0,0,1
603,45,0,3,252.0,2,2,1,No,0,1,0,0,0,1
604,42,1,3,933.0,29,3,10,No,0,1,0,0,0,1
605,38,1,3,471.0,12,2,13,No,0,1,0,0,1,0
606,34,0,4,702.0,16,2,6,No,0,1,0,0,1,0
607,49,0,3,1184.0,11,3,9,Yes,0,0,1,0,0,1
608,55,1,1,436.0,2,3,12,Yes,0,0,1,0,0,1
609,43,1,2,589.0,14,3,22,No,0,1,0,0,0,1
610,27,1,1,269.0,5,2,9,No,0,1,0,0,0,1
611,35,1,3,950.0,7,3,17,No,0,1,0,0,0,1
612,28,0,4,760.0,2,3,8,No,0,0,1,0,0,1
613,34,1,2,829.0,3,3,4,No,1,0,0,0,0,1
614,26,0,2,887.0,5,2,8,Yes,0,1,0,0,1,0
615,27,1,3,443.0,3,3,0,No,0,1,0,1,0,0
616,51,0,4,1318.0,26,3,29,No,0,0,1,0,0,1
617,44,1,3,625.0,4,3,10,No,0,1,0,0,0,1
618,25,1,1,180.0,2,4,6,No,0,1,0,0,0,1
619,33,1,3,586.0,1,4,9,No,0,0,1,0,0,1
620,35,0,1,1343.0,27,2,6,No,0,1,0,0,0,1
621,36,1,2,928.0,1,3,18,No,0,0,1,0,0,1
622,32,1,4,117.0,13,3,8,No,0,0,1,0,0,1
623,30,1,4,1012.0,5,2,10,No,0,1,0,0,1,0
624,53,0,2,661.0,7,2,35,No,0,0,1,0,0,1
625,45,1,3,930.0,9,3,18,No,0,0,1,0,0,1
626,32,0,2,638.0,8,4,9,No,0,1,0,0,0,1
627,52,0,4,890.0,25,2,31,No,0,1,0,0,1,0
628,37,1,4,342.0,16,2,9,No,0,0,1,0,0,1
629,28,1,2,1169.0,8,2,6,No,1,0,0,0,0,1
630,22,1,2,1230.0,1,2,4,No,0,1,0,0,0,1
631,44,1,4,986.0,8,4,10,No,0,1,0,0,0,1
632,42,1,1,1271.0,2,3,8,No,0,1,0,0,1,0
633,36,1,3,1278.0,8,2,6,No,1,0,0,0,0,1
634,25,1,1,141.0,3,3,5,No,0,0,1,0,0,1
635,35,0,3,607.0,9,2,17,No,0,1,0,0,0,1
636,35,0,4,130.0,25,3,10,Yes,0,1,0,0,1,0
637,32,1,3,300.0,1,3,4,No,0,1,0,1,0,0
638,25,1,1,583.0,4,2,5,No,0,0,1,0,0,1
639,49,0,3,1418.0,1,3,7,No,0,1,0,0,0,1
640,24,1,1,1269.0,4,2,6,No,0,1,0,1,0,0
641,32,1,2,379.0,5,3,10,No,0,0,1,0,1,0
642,38,1,3,395.0,9,2,3,No,0,0,1,0,0,1
643,42,0,3,1265.0,3,4,17,No,0,1,0,0,0,1
644,31,1,4,1222.0,11,3,8,No,0,1,0,0,0,1
645,29,0,3,341.0,1,2,5,Yes,0,0,1,0,0,1
646,53,1,3,868.0,8,3,28,No,0,0,1,0,0,1
647,35,1,3,672.0,25,2,16,No,0,1,0,0,0,1
648,37,0,2,1231.0,21,3,10,No,0,0,1,0,1,0
649,53,0,4,102.0,23,3,33,No,0,1,0,0,0,1
650,43,0,3,422.0,1,3,12,No,0,1,0,0,1,0
651,47,0,2,249.0,2,3,8,No,0,0,1,0,0,1
652,37,1,2,1252.0,19,3,10,No,0,0,1,1,0,0
653,50,1,4,881.0,2,3,31,No,0,1,0,1,0,0
654,39,0,3,1383.0,2,2,13,No,1,0,0,0,0,1
655,33,1,2,1075.0,3,3,7,No,1,0,0,0,0,1
656,32,1,4,374.0,25,3,1,Yes,0,1,0,0,0,1
657,29,0,1,1086.0,7,2,8,No,0,1,0,0,0,1
658,44,1,2,661.0,9,3,8,No,0,1,0,0,0,1
659,28,1,4,821.0,5,3,4,No,0,0,1,0,0,1
660,58,1,1,781.0,2,2,3,Yes,0,1,0,0,1,0
661,43,0,3,177.0,8,3,4,No,0,1,0,0,0,1
662,20,0,3,500.0,2,2,2,Yes,0,0,1,0,0,1
663,21,0,1,1427.0,18,3,1,Yes,0,1,0,0,0,1
664,36,1,1,1425.0,14,3,17,No,0,1,0,0,0,1
665,47,0,4,1454.0,2,2,3,No,0,0,1,0,0,1
666,22,0,1,617.0,3,3,4,Yes,0,1,0,0,0,1
667,41,0,4,1085.0,2,1,10,Yes,0,1,0,0,0,1
668,28,0,3,995.0,9,3,6,No,0,1,0,0,0,1
669,39,1,3,1122.0,6,3,8,Yes,0,1,0,0,0,1
670,27,0,3,618.0,4,3,1,No,0,1,0,0,0,1
671,34,1,3,546.0,10,3,1,No,0,1,0,0,0,1
672,42,0,2,462.0,14,2,10,No,0,0,1,0,0,1
673,33,1,4,1198.0,1,2,6,No,0,1,0,0,0,1
674,58,0,3,1272.0,5,2,24,No,0,1,0,0,0,1
675,31,1,4,154.0,7,2,13,No,0,0,1,0,0,1
676,35,0,1,1137.0,21,3,10,No,0,1,0,0,0,1
677,49,0,2,527.0,8,3,29,No,0,1,0,0,0,1
678,48,1,4,1469.0,20,3,13,No,0,1,0,0,0,1
679,31,0,2,1188.0,20,3,9,No,0,0,1,1,0,0
680,36,1,4,188.0,7,3,8,No,0,1,0,0,0,1
681,38,0,3,1333.0,1,3,15,No,0,1,0,0,0,1
682,32,0,3,1184.0,1,2,5,No,0,1,0,1,0,0
683,25,1,2,867.0,19,2,1,Yes,0,0,1,0,0,1
684,40,1,4,658.0,10,2,11,No,0,0,1,0,0,1
685,26,1,3,1283.0,1,2,7,No,0,0,1,0,1,0
686,41,1,3,263.0,6,3,20,No,0,1,0,0,0,1
687,36,1,4,938.0,2,3,16,No,0,1,0,0,0,1
688,19,1,3,419.0,21,2,1,Yes,0,0,1,0,0,1
689,20,1,3,129.0,4,3,1,Yes,0,1,0,0,0,1
690,31,0,3,616.0,12,3,10,No,0,1,0,0,0,1
691,40,1,4,1469.0,9,3,3,No,0,1,0,0,1,0
692,32,0,4,498.0,3,3,8,No,0,1,0,0,0,1
693,36,1,1,530.0,3,2,16,Yes,0,0,1,0,0,1
694,33,0,3,1069.0,1,2,6,No,0,1,0,0,0,1
695,37,1,4,625.0,1,2,17,Yes,0,0,1,0,0,1
696,45,1,2,805.0,4,3,9,No,0,1,0,1,0,0
697,29,0,3,1404.0,20,3,3,No,0,0,1,0,1,0
698,35,0,3,1219.0,18,3,5,No,0,0,1,0,0,1
699,52,1,2,1053.0,1,3,26,No,0,1,0,0,0,1
700,58,1,3,289.0,2,3,7,Yes,0,1,0,0,0,1
701,53,1,2,1376.0,2,3,22,No,0,0,1,0,0,1
702,30,1,2,231.0,8,3,10,No,0,0,1,0,0,1
703,38,0,3,152.0,10,3,6,No,0,0,1,1,0,0
704,35,1,4,882.0,3,3,12,No,0,0,1,0,0,1
705,39,1,5,903.0,2,4,9,No,0,0,1,0,0,1
706,40,0,3,1479.0,24,4,22,Yes,0,0,1,1,0,0
707,47,1,4,1379.0,16,4,20,No,0,1,0,0,1,0
708,36,1,4,1229.0,8,3,12,No,0,0,1,1,0,0
709,31,1,2,335.0,9,2,4,Yes,0,1,0,1,0,0
710,33,1,3,722.0,17,3,10,No,0,0,1,1,0,0
711,29,0,3,906.0,10,2,3,Yes,0,1,0,0,0,1
712,33,0,1,461.0,13,3,5,No,0,1,0,0,0,1
713,45,0,4,974.0,1,3,8,No,0,1,0,0,0,1
714,50,1,2,1126.0,1,3,32,No,0,1,0,0,0,1
715,33,0,4,827.0,1,4,6,No,0,1,0,0,1,0
716,41,1,3,840.0,9,3,21,No,0,1,0,0,1,0
717,27,0,4,1134.0,16,3,4,No,0,1,0,0,0,1
718,45,1,2,248.0,23,3,9,No,0,1,0,1,0,0
719,47,0,2,955.0,4,3,9,No,0,0,1,0,0,1
720,30,0,3,138.0,22,3,7,Yes,0,1,0,0,0,1
721,50,1,3,939.0,24,3,22,No,0,1,0,0,0,1
722,38,1,1,1391.0,10,3,3,No,0,1,0,0,1,0
723,46,1,2,566.0,7,3,13,No,0,1,0,0,0,1
724,24,0,1,1206.0,17,2,5,No,0,1,0,0,0,1
725,35,1,4,622.0,14,2,5,Yes,0,1,0,0,0,1
726,31,0,1,853.0,1,3,4,No,0,1,0,0,1,0
727,18,1,2,287.0,5,3,0,No,0,1,0,1,0,0
728,54,0,3,1441.0,17,3,22,No,0,1,0,0,0,1
729,35,0,4,583.0,25,3,16,No,0,1,0,0,0,1
730,30,0,2,153.0,8,4,9,No,0,1,0,0,0,1
731,20,0,3,1097.0,11,2,1,Yes,0,1,0,0,0,1
732,30,0,3,109.0,5,3,4,Yes,0,1,0,0,1,0
733,26,1,2,1066.0,2,4,8,No,0,1,0,0,0,1
734,22,1,1,217.0,8,1,4,No,0,1,0,0,0,1
735,48,1,3,277.0,6,2,19,No,0,1,0,0,0,1
736,48,1,4,1355.0,4,2,27,No,0,1,0,0,0,1
737,41,0,2,549.0,7,3,8,No,0,1,0,0,0,1
738,39,0,1,466.0,1,2,21,No,0,1,0,0,0,1
739,27,0,4,1055.0,2,3,4,No,0,1,0,0,0,1
740,35,1,3,802.0,10,3,3,No,0,1,0,0,0,1
741,42,1,2,265.0,5,3,21,No,0,0,1,0,0,1
742,50,1,3,804.0,9,3,8,No,0,1,0,0,0,1
743,59,0,3,715.0,2,2,30,No,0,1,0,0,0,1
744,37,0,2,1141.0,11,1,15,Yes,0,1,0,0,0,1
745,55,1,4,135.0,18,3,17,No,0,1,0,0,1,0
746,41,0,1,247.0,7,1,21,No,0,1,0,1,0,0
747,38,1,4,1035.0,3,3,19,No,0,0,1,0,0,1
748,26,1,2,265.0,29,1,7,Yes,0,0,1,1,0,0
749,52,0,1,266.0,2,1,33,Yes,0,0,1,0,0,1
750,44,0,3,1448.0,28,4,23,No,0,0,1,0,0,1
751,50,0,3,145.0,1,3,19,No,0,0,1,1,0,0
752,36,0,4,885.0,16,4,18,Yes,0,1,0,0,0,1
753,39,0,3,945.0,22,3,21,No,0,1,0,0,1,0
754,33,0,1,1038.0,8,2,3,No,0,0,1,1,0,0
755,45,0,2,1234.0,11,3,26,No,0,0,1,0,0,1
756,32,0,4,1109.0,29,3,10,No,0,1,0,1,0,0
757,34,1,4,216.0,1,4,16,No,0,0,1,0,0,1
758,59,1,2,1089.0,1,3,14,No,0,0,1,0,0,1
759,45,1,4,788.0,24,3,6,No,1,0,0,0,0,1
760,53,0,3,124.0,2,2,30,No,0,0,1,0,1,0
761,36,1,3,660.0,15,3,9,Yes,0,1,0,0,0,1
762,26,1,3,342.0,2,3,6,Yes,0,1,0,0,1,0
763,34,0,4,1333.0,10,3,1,No,0,0,1,0,0,1
764,28,1,1,1144.0,10,3,1,No,0,0,1,0,0,1
765,38,1,4,1186.0,3,3,8,No,0,1,0,0,1,0
766,50,1,4,1464.0,2,3,29,No,0,1,0,0,0,1
767,37,0,3,124.0,3,3,8,No,0,1,0,0,0,1
768,40,1,3,300.0,26,3,8,No,0,0,1,0,0,1
769,26,0,1,921.0,1,2,5,No,0,1,0,0,1,0
770,46,1,4,430.0,1,3,23,No,0,1,0,0,0,1
771,54,0,4,1082.0,2,2,13,No,0,0,1,0,0,1
772,56,0,3,1240.0,9,3,18,No,0,1,0,0,1,0
773,36,0,5,796.0,12,2,15,No,0,1,0,0,0,1
774,55,1,1,444.0,2,2,31,No,0,1,0,1,0,0
775,43,1,3,415.0,25,2,18,No,0,0,1,0,0,1
776,20,0,3,769.0,9,3,2,Yes,0,0,1,0,1,0
777,21,0,3,1334.0,10,2,1,Yes,0,1,0,0,0,1
778,46,0,4,1003.0,8,2,19,No,0,1,0,0,0,1
779,51,1,4,1323.0,4,3,18,Yes,0,1,0,0,0,1
780,28,1,2,1366.0,24,2,10,Yes,0,1,0,1,0,0
781,26,1,2,192.0,1,2,6,No,0,1,0,0,0,1
782,30,1,3,1176.0,20,3,7,No,0,1,0,0,0,1
783,41,0,2,509.0,7,4,10,No,0,1,0,0,0,1
784,38,0,1,330.0,17,2,20,No,0,1,0,0,0,1
785,40,1,4,1492.0,20,3,14,No,0,1,0,0,0,1
786,27,1,5,1277.0,8,1,3,No,0,1,0,1,0,0
787,55,1,1,1091.0,2,3,23,No,0,1,0,0,1,0
788,28,0,3,857.0,10,3,10,No,0,1,0,0,0,1
789,44,1,2,1376.0,1,2,24,Yes,1,0,0,0,0,1
790,33,1,3,654.0,5,2,9,No,0,1,0,0,0,1
791,35,1,3,1204.0,4,3,9,Yes,0,0,1,0,0,1
792,33,0,4,827.0,29,2,14,Yes,0,1,0,0,1,0
793,28,1,2,895.0,15,3,4,No,0,1,0,0,0,1
794,34,1,1,618.0,3,3,7,No,0,1,0,0,1,0
795,37,0,4,309.0,10,2,8,No,0,0,1,0,0,1
796,25,1,1,1219.0,4,3,7,Yes,0,1,0,0,0,1
797,26,1,3,1330.0,21,3,1,Yes,0,1,0,0,0,1
798,33,1,3,1017.0,25,2,5,Yes,0,1,0,0,0,1
799,42,1,2,469.0,2,3,23,No,0,1,0,0,0,1
800,28,1,3,1009.0,1,2,1,Yes,0,1,0,0,1,0
801,50,1,4,959.0,1,3,5,Yes,0,0,1,0,1,0
802,33,0,3,970.0,7,3,4,No,0,0,1,0,1,0
803,34,1,4,697.0,3,2,6,No,0,1,0,1,0,0
804,48,1,4,1262.0,1,4,27,No,0,1,0,1,0,0
805,45,0,4,1050.0,9,2,15,No,0,0,1,1,0,0
806,52,1,4,994.0,7,3,18,No,0,1,0,0,0,1
807,38,1,4,770.0,10,2,9,No,0,0,1,0,0,1
808,29,0,4,1107.0,28,3,11,No,0,1,0,0,0,1
809,28,0,3,950.0,3,3,10,No,0,1,0,0,0,1
810,46,1,1,406.0,3,3,23,No,0,0,1,0,0,1
811,38,1,2,130.0,2,3,10,No,0,0,1,0,0,1
812,43,0,3,1082.0,27,3,18,No,0,1,0,0,1,0
813,39,1,3,203.0,2,3,21,Yes,0,1,0,0,1,0
814,40,1,3,1308.0,14,2,21,No,0,1,0,0,0,1
815,21,0,1,984.0,1,2,2,No,0,1,0,0,0,1
816,39,1,3,439.0,9,3,9,No,0,1,0,1,0,0
817,36,1,4,217.0,18,3,18,No,0,1,0,1,0,0
818,31,1,3,793.0,20,4,3,No,0,0,1,0,1,0
819,28,1,1,1451.0,2,2,6,No,0,1,0,0,0,1
820,35,1,2,1182.0,11,3,5,No,0,0,1,0,1,0
821,49,1,4,174.0,8,2,22,No,0,0,1,0,0,1
822,34,1,2,1003.0,2,3,5,No,0,1,0,0,1,0
823,29,0,3,490.0,10,3,8,No,0,1,0,0,1,0
824,42,1,3,188.0,29,1,16,No,0,1,0,0,0,1
825,29,1,1,718.0,8,2,10,No,0,1,0,0,0,1
826,38,1,3,433.0,1,4,7,No,1,0,0,0,0,1
827,28,1,3,773.0,6,2,3,No,0,1,0,0,1,0
828,18,1,1,247.0,8,3,0,Yes,0,1,0,1,0,0
829,33,0,4,603.0,9,3,6,Yes,0,0,1,0,0,1
830,41,1,4,167.0,12,3,6,No,0,1,0,0,0,1
831,31,1,3,874.0,15,3,2,Yes,0,1,0,0,1,0
832,37,0,2,367.0,25,2,9,No,0,1,0,0,0,1
833,27,1,3,199.0,6,2,4,No,0,1,0,0,0,1
834,34,0,1,1400.0,9,3,6,No,0,0,1,0,0,1
835,35,1,4,528.0,8,3,6,No,1,0,0,0,0,1
836,29,0,1,408.0,23,2,11,Yes,0,0,1,0,0,1
837,40,0,4,593.0,9,3,20,No,0,1,0,0,1,0
838,42,1,3,481.0,12,3,22,Yes,0,0,1,0,1,0
839,42,1,4,647.0,4,3,9,No,0,0,1,0,0,1
840,35,1,4,982.0,1,2,10,No,0,1,0,0,0,1
841,24,1,3,477.0,24,3,6,No,0,1,0,0,0,1
842,28,0,1,1485.0,12,3,1,Yes,0,1,0,0,0,1
843,26,1,4,1384.0,3,4,8,No,0,1,0,0,0,1
844,30,1,3,852.0,10,2,10,No,0,0,1,0,0,1
845,40,0,2,902.0,26,2,16,No,0,1,0,0,1,0
846,35,1,3,819.0,2,2,15,No,0,1,0,0,0,1
847,34,1,3,669.0,1,2,14,No,0,1,0,0,1,0
848,35,1,4,636.0,4,2,2,No,0,1,0,0,1,0
849,43,0,3,1372.0,9,1,7,Yes,0,0,1,0,0,1
850,32,0,1,862.0,2,3,1,No,0,0,1,1,0,0
851,56,0,4,718.0,4,3,28,No,0,1,0,0,0,1
852,29,0,1,1401.0,6,3,10,No,0,1,0,0,0,1
853,19,1,2,645.0,9,3,1,No,0,1,0,0,0,1
854,45,0,3,1457.0,7,3,7,No,0,1,0,0,0,1
855,37,0,3,977.0,1,2,14,No,0,1,0,0,0,1
856,20,1,3,805.0,3,2,2,No,0,1,0,0,0,1
857,44,1,4,1097.0,10,3,6,Yes,0,1,0,0,0,1
858,53,0,2,1223.0,7,3,26,No,0,1,0,0,0,1
859,29,0,1,942.0,15,1,6,No,0,1,0,0,0,1
860,22,1,4,1256.0,3,2,1,Yes,0,1,0,0,1,0
861,46,0,3,1402.0,2,3,28,No,0,0,1,0,0,1
862,44,1,3,111.0,17,1,6,No,0,1,0,1,0,0
863,33,1,3,147.0,2,3,5,No,1,0,0,0,0,1
864,41,1,2,906.0,5,2,5,Yes,0,1,0,1,0,0
865,30,1,4,1329.0,29,3,8,No,0,0,1,0,0,1
866,40,1,4,1184.0,2,3,5,No,0,0,1,0,1,0
867,50,0,3,1421.0,2,3,32,No,0,1,0,0,1,0
868,28,1,4,1179.0,19,2,6,No,0,1,0,0,0,1
869,46,1,2,1450.0,15,3,25,No,0,1,0,0,0,1
870,35,1,4,1361.0,17,3,15,No,0,0,1,0,0,1
871,24,0,2,984.0,17,3,1,Yes,0,1,0,0,0,1
872,33,0,3,1146.0,25,3,10,No,0,0,1,0,1,0
873,36,1,4,917.0,6,1,7,No,0,1,0,0,0,1
874,30,1,4,853.0,7,3,10,No,0,1,0,0,0,1
875,44,1,4,200.0,29,3,20,No,0,1,0,0,0,1
876,20,1,3,654.0,21,4,2,No,0,0,1,0,0,1
877,46,1,4,150.0,2,3,12,No,0,1,0,0,0,1
878,42,1,5,179.0,2,4,10,No,1,0,0,1,0,0
879,60,1,4,696.0,7,4,12,No,0,0,1,0,0,1
880,32,0,3,116.0,13,2,2,No,0,1,0,0,1,0
881,32,0,2,1316.0,2,3,10,No,0,1,0,0,1,0
882,36,0,3,363.0,1,1,17,No,0,1,0,0,0,1
883,33,1,3,117.0,9,3,15,No,0,1,0,0,0,1
884,40,0,3,107.0,10,2,7,No,0,0,1,0,0,1
885,25,1,4,1356.0,10,3,5,No,0,0,1,0,0,1
886,30,1,3,1465.0,1,3,12,No,0,1,0,0,0,1
887,42,0,5,458.0,26,3,20,No,0,1,0,0,1,0
888,35,0,2,1212.0,8,2,16,No,0,0,1,1,0,0
889,27,1,3,1103.0,14,3,9,No,0,1,0,0,0,1
890,54,0,4,966.0,1,3,33,No,0,1,0,0,1,0
891,44,0,1,1117.0,2,4,10,No,0,1,0,0,0,1
892,19,0,3,504.0,10,2,1,Yes,0,1,0,1,0,0
893,29,0,3,1010.0,1,3,3,No,0,1,0,0,0,1
894,54,1,3,685.0,3,3,36,No,0,1,0,0,0,1
895,31,1,2,1332.0,11,3,6,No,0,1,0,0,0,1
896,31,0,3,1062.0,24,2,10,No,0,1,0,0,0,1
897,59,0,3,326.0,3,2,13,No,0,0,1,0,0,1
898,43,1,3,920.0,3,1,25,No,0,1,0,0,0,1
899,49,1,2,1098.0,4,2,23,No,0,1,0,0,0,1
900,36,1,3,469.0,3,3,12,No,0,1,0,0,1,0
901,48,1,2,969.0,2,4,7,No,0,1,0,0,0,1
902,27,1,2,1167.0,4,3,5,No,0,1,0,0,0,1
903,29,1,3,1329.0,7,3,6,No,0,1,0,0,0,1
904,48,1,3,715.0,1,2,25,No,0,1,0,0,0,1
905,29,0,3,694.0,1,2,9,No,0,1,0,0,0,1
906,34,0,3,1320.0,20,4,2,No,0,1,0,0,0,1
907,44,1,3,1099.0,5,3,26,No,0,0,1,0,0,1
908,33,1,5,536.0,10,4,10,No,0,0,1,0,0,1
909,19,0,3,265.0,25,4,1,No,0,1,0,0,0,1
910,23,1,2,373.0,1,3,1,No,0,1,0,0,0,1
911,25,1,1,599.0,24,1,1,Yes,0,0,1,0,1,0
912,26,1,2,583.0,4,3,8,No,0,1,0,0,0,1
913,45,0,3,1449.0,2,1,26,Yes,0,0,1,0,0,1
914,55,1,1,177.0,8,2,34,No,0,1,0,1,0,0
915,21,0,2,251.0,10,2,2,Yes,0,1,0,0,1,0
916,46,0,2,168.0,4,2,26,No,0,0,1,0,0,1
917,34,0,3,131.0,2,3,4,No,0,0,1,0,0,1
918,51,1,3,237.0,9,3,31,No,0,0,1,0,1,0
919,59,1,4,1429.0,18,3,25,No,0,1,0,0,0,1
920,34,0,3,135.0,19,3,15,No,0,1,0,0,1,0
921,28,1,4,791.0,1,3,5,No,0,1,0,0,1,0
922,44,1,2,1199.0,4,4,26,No,0,1,0,0,0,1
923,34,1,3,648.0,11,2,14,No,1,0,0,0,1,0
924,35,1,1,735.0,6,3,4,No,0,1,0,0,0,1
925,42,0,4,603.0,7,4,18,No,0,1,0,0,0,1
926,43,0,4,531.0,4,2,23,No,0,0,1,0,0,1
927,36,0,4,429.0,2,3,18,No,0,1,0,0,0,1
928,44,0,3,621.0,15,3,10,Yes,0,1,0,0,0,1
929,28,1,3,193.0,2,2,2,No,0,1,0,0,1,0
930,51,0,2,968.0,6,2,8,No,0,1,0,0,1,0
931,30,0,2,879.0,9,3,10,No,0,1,0,1,0,0
932,29,0,3,806.0,7,3,10,Yes,0,1,0,0,0,1
933,28,1,3,640.0,1,3,5,No,0,1,0,0,0,1
934,25,0,3,266.0,1,3,2,No,0,1,0,0,0,1
935,32,1,3,604.0,8,4,10,No,0,0,1,0,0,1
936,45,0,3,364.0,25,3,22,No,0,1,0,0,1,0
937,39,0,4,412.0,13,2,21,No,0,1,0,0,0,1
938,58,1,4,848.0,23,3,2,No,0,1,0,0,0,1
939,32,1,2,1089.0,7,3,10,Yes,0,1,0,0,0,1
940,39,1,3,360.0,23,3,6,Yes,0,1,0,0,0,1
941,30,0,3,1138.0,6,2,10,No,0,1,0,0,0,1
942,36,0,4,325.0,10,3,10,No,0,1,0,0,0,1
943,46,0,2,991.0,1,3,10,No,1,0,0,0,0,1
944,28,0,3,1476.0,1,1,10,No,0,1,0,1,0,0
945,50,0,3,1322.0,28,3,25,No,0,1,0,0,0,1
946,40,1,4,299.0,25,2,9,Yes,0,0,1,0,0,1
947,52,1,3,1030.0,5,3,10,Yes,0,0,1,0,0,1
948,30,0,4,634.0,17,3,9,No,0,1,0,0,0,1
949,39,1,2,524.0,18,3,9,No,0,1,0,0,0,1
950,31,0,4,587.0,2,3,10,No,0,0,1,1,0,0
951,41,1,2,256.0,10,1,19,No,0,0,1,1,0,0
952,31,0,3,1060.0,1,3,3,Yes,0,0,1,0,1,0
953,44,1,3,935.0,3,3,10,Yes,0,1,0,0,0,1
954,42,1,1,495.0,2,3,21,No,0,1,0,1,0,0
955,55,0,2,282.0,2,1,23,No,0,1,0,0,0,1
956,56,1,4,206.0,8,3,36,No,1,0,0,0,0,1
957,40,1,2,458.0,16,3,6,No,0,1,0,1,0,0
958,34,1,3,943.0,9,3,10,No,0,1,0,0,0,1
959,40,1,3,523.0,2,3,9,No,0,1,0,0,0,1
960,41,0,3,1018.0,1,3,10,No,0,0,1,0,1,0
961,35,1,4,482.0,4,3,9,No,0,1,0,0,1,0
962,51,1,3,770.0,5,3,33,No,1,0,0,0,0,1
963,38,0,2,1009.0,2,3,11,No,0,0,1,0,0,1
964,34,0,2,507.0,15,3,10,No,0,0,1,0,0,1
965,25,1,1,882.0,19,3,7,No,0,1,0,0,0,1
966,58,0,4,601.0,7,2,31,Yes,0,1,0,0,0,1
967,40,1,4,329.0,1,3,7,No,0,1,0,0,0,1
968,36,0,3,607.0,7,4,17,No,0,0,1,0,1,0
969,48,1,3,855.0,4,3,11,No,0,1,0,0,0,1
970,27,0,3,1291.0,11,4,5,No,0,0,1,0,0,1
971,51,0,2,1405.0,11,2,29,No,0,1,0,0,0,1
972,18,0,3,1124.0,1,3,0,No,0,1,0,1,0,0
973,35,0,3,817.0,1,2,10,No,0,1,0,0,0,1
974,27,1,1,793.0,2,1,8,No,0,0,1,0,1,0
975,55,1,4,267.0,13,4,24,Yes,0,0,1,0,0,1
976,56,1,3,1369.0,23,3,33,No,0,1,0,0,0,1
977,34,0,1,999.0,26,2,5,No,0,1,0,1,0,0
978,40,0,1,1202.0,2,4,15,No,0,1,0,0,0,1
979,34,1,3,285.0,29,3,10,No,0,1,0,0,0,1
980,31,0,3,703.0,2,2,3,Yes,0,0,1,0,1,0
981,35,0,4,662.0,18,3,5,Yes,0,0,1,0,1,0
982,38,1,3,693.0,7,4,4,No,0,1,0,0,1,0
983,34,0,4,404.0,2,3,14,No,0,1,0,0,0,1
984,28,1,3,736.0,26,2,5,No,0,0,1,0,0,1
985,31,1,4,330.0,22,3,10,Yes,0,1,0,0,0,1
986,39,1,4,1498.0,21,2,8,No,0,0,1,0,0,1
987,51,1,3,541.0,2,3,14,No,0,0,1,0,1,0
988,41,0,3,1200.0,22,3,12,No,0,1,0,0,1,0
989,37,1,1,1439.0,4,3,8,No,0,1,0,0,0,1
990,33,1,1,1111.0,5,3,8,No,0,0,1,0,1,0
991,32,1,1,499.0,2,3,4,No,0,0,1,0,0,1
992,39,1,2,1485.0,25,3,13,No,0,1,0,1,0,0
993,25,1,1,1372.0,18,4,6,No,0,0,1,0,0,1
994,52,0,2,322.0,28,4,24,No,0,1,0,0,1,0
995,43,0,3,930.0,6,2,20,No,0,1,0,0,0,1
996,27,0,3,205.0,10,2,6,No,0,0,1,0,0,1
997,27,0,4,135.0,17,3,8,Yes,0,1,0,0,0,1
998,26,1,1,683.0,2,2,5,No,0,1,0,0,0,1
999,42,0,3,1147.0,10,3,21,No,1,0,0,0,0,1
1000,52,0,4,258.0,8,3,12,No,0,1,0,0,0,1
1001,37,0,3,1462.0,11,3,8,No,0,1,0,0,0,1
1002,35,1,2,200.0,18,3,10,No,0,1,0,0,1,0
1003,25,1,3,949.0,1,3,7,No,0,1,0,0,0,1
1004,26,1,3,652.0,7,4,8,No,0,1,0,0,0,1
1005,29,1,3,332.0,17,2,10,No,1,0,0,0,0,1
1006,49,1,2,1475.0,28,2,20,Yes,0,1,0,0,1,0
1007,29,0,1,337.0,14,3,9,Yes,0,1,0,0,1,0
1008,54,0,3,971.0,1,3,29,No,0,1,0,0,0,1
1009,58,0,3,1055.0,1,3,32,No,0,1,0,0,0,1
1010,55,1,4,1136.0,1,4,31,No,0,1,0,0,0,1
1011,36,0,4,1174.0,3,3,15,No,0,0,1,0,0,1
1012,31,0,4,667.0,1,1,1,Yes,0,0,1,0,1,0
1013,30,0,4,855.0,7,3,8,No,0,0,1,0,0,1
1014,31,0,5,182.0,8,3,9,No,0,1,0,0,0,1
1015,34,1,4,560.0,1,3,10,No,0,1,0,0,1,0
1016,31,0,3,202.0,8,2,1,Yes,0,1,0,0,0,1
1017,27,1,1,1377.0,11,3,6,No,0,1,0,0,0,1
1018,36,1,4,172.0,4,2,10,No,0,1,0,0,0,1
1019,36,0,4,329.0,16,2,11,No,0,0,1,0,0,1
1020,47,1,3,465.0,1,3,17,No,0,1,0,0,0,1
1021,25,1,2,383.0,9,2,6,Yes,0,0,1,0,0,1
1022,37,1,2,1413.0,5,4,7,No,0,1,0,1,0,0
1023,56,0,2,1255.0,1,3,5,No,0,1,0,0,0,1
1024,47,0,4,359.0,2,3,26,No,0,1,0,0,0,1
1025,24,0,1,1476.0,4,3,5,No,0,0,1,0,0,1
1026,32,1,5,601.0,7,3,7,No,0,0,1,0,0,1
1027,34,0,3,401.0,1,2,7,No,0,1,0,0,0,1
1028,41,1,5,1283.0,5,4,7,No,0,1,0,0,0,1
1029,40,1,4,663.0,9,3,11,No,0,1,0,1,0,0
1030,31,1,2,326.0,8,3,13,No,0,0,1,0,0,1
1031,46,1,3,377.0,9,3,28,Yes,0,0,1,0,0,1
1032,39,0,3,592.0,2,2,11,Yes,0,1,0,1,0,0
1033,31,0,5,1445.0,1,4,10,Yes,0,1,0,0,1,0
1034,45,1,3,1038.0,20,1,24,No,0,1,0,0,0,1
1035,31,0,2,1398.0,8,4,8,No,1,0,0,0,0,1
1036,31,1,3,523.0,2,3,7,Yes,0,1,0,0,1,0
1037,45,1,3,1448.0,29,3,10,No,0,1,0,0,0,1
1038,48,1,3,1221.0,7,3,15,No,0,0,1,0,0,1
1039,34,0,4,1107.0,9,3,2,Yes,1,0,0,0,0,1
1040,40,1,1,218.0,8,2,16,No,0,1,0,1,0,0
1041,28,1,3,866.0,5,3,6,No,0,0,1,0,0,1
1042,44,1,3,981.0,5,2,7,No,0,1,0,1,0,0
1043,53,1,3,447.0,2,4,35,No,0,1,0,0,0,1
1044,49,1,4,1495.0,5,3,20,No,0,1,0,0,0,1
1045,40,1,3,896.0,2,3,8,No,0,1,0,0,0,1
1046,44,1,3,1467.0,20,3,6,No,0,1,0,0,0,1
1047,33,1,3,430.0,7,3,5,No,0,0,1,0,1,0
1048,34,1,3,1326.0,3,1,15,No,0,0,1,0,0,1
1049,30,1,1,1358.0,16,3,4,No,0,0,1,0,0,1
1050,42,0,2,748.0,9,3,12,No,0,1,0,0,1,0
1051,44,0,5,383.0,1,3,11,No,0,0,1,0,1,0
1052,30,1,3,990.0,7,3,1,No,0,1,0,1,0,0
1053,57,1,2,405.0,1,4,13,No,0,1,0,0,0,1
1054,49,1,4,1490.0,7,3,29,No,0,1,0,0,0,1
1055,34,1,3,829.0,15,3,16,No,0,1,0,0,1,0
1056,28,1,3,1496.0,1,3,5,Yes,0,0,1,0,1,0
1057,29,0,3,115.0,13,3,7,Yes,0,0,1,0,1,0
1058,34,0,4,790.0,24,2,16,Yes,0,0,1,0,0,1
1059,35,1,1,660.0,7,3,1,No,0,0,1,0,0,1
1060,24,1,3,381.0,9,3,4,Yes,0,1,0,0,1,0
1061,24,0,2,830.0,13,3,1,No,0,0,1,1,0,0
1062,44,1,1,1193.0,2,3,16,No,0,1,0,0,1,0
1063,29,1,3,1246.0,19,2,10,No,0,0,1,0,0,1
1064,30,1,3,330.0,1,3,6,No,1,0,0,0,0,1
1065,55,1,4,1229.0,4,3,4,No,0,1,0,0,0,1
1066,33,0,4,1099.0,4,2,8,No,0,1,0,0,0,1
1067,47,0,3,571.0,14,3,11,No,0,0,1,0,0,1
1068,28,1,2,289.0,2,2,8,Yes,0,1,0,0,1,0
1069,28,1,3,1423.0,1,2,1,No,0,1,0,0,0,1
1070,28,1,3,467.0,7,3,5,No,0,0,1,0,1,0
1071,49,0,2,271.0,3,2,10,No,0,1,0,0,0,1
1072,29,0,1,410.0,2,3,4,No,0,1,0,0,1,0
1073,28,1,1,1083.0,29,1,8,No,0,1,0,0,0,1
1074,33,1,5,516.0,8,3,14,No,0,1,0,0,0,1
1075,32,1,3,495.0,10,3,10,No,0,1,0,0,0,1
1076,54,0,4,1050.0,11,3,26,No,0,1,0,0,1,0
1077,29,1,4,224.0,1,2,11,Yes,0,1,0,0,0,1
1078,44,1,3,136.0,28,3,24,No,0,1,0,0,0,1
1079,39,0,3,1089.0,6,3,9,No,0,1,0,0,0,1
1080,46,0,3,228.0,3,3,23,No,0,0,1,0,0,1
1081,35,0,3,1029.0,16,2,11,No,0,1,0,0,0,1
1082,23,1,1,507.0,20,3,5,No,0,1,0,0,0,1
1083,40,1,4,676.0,9,3,15,Yes,0,1,0,0,0,1
1084,34,1,3,971.0,1,2,10,No,0,0,1,0,0,1
1085,31,0,3,561.0,3,3,7,Yes,0,1,0,0,1,0
1086,50,1,5,333.0,22,1,32,No,0,1,0,0,1,0
1087,34,1,2,1440.0,7,3,12,No,0,0,1,0,0,1
1088,42,1,3,1210.0,2,2,4,No,0,1,0,0,0,1
1089,37,1,3,674.0,13,3,10,No,0,1,0,0,0,1
1090,29,0,1,441.0,8,1,9,No,0,1,0,0,0,1
1091,33,1,3,575.0,25,2,5,No,0,1,0,0,0,1
1092,45,1,3,950.0,28,3,8,No,0,1,0,0,0,1
1093,42,1,3,288.0,2,3,24,No,0,1,0,0,1,0
1094,40,1,2,1342.0,9,3,9,No,0,0,1,0,0,1
1095,33,1,4,589.0,28,3,15,No,0,1,0,0,0,1
1096,40,1,2,898.0,6,3,21,No,1,0,0,0,0,1
1097,24,1,2,350.0,21,2,2,No,0,1,0,0,0,1
1098,40,1,2,1142.0,8,3,8,No,0,1,0,1,0,0
1099,45,1,4,538.0,1,3,10,No,0,1,0,0,0,1
1100,35,0,4,1402.0,28,2,6,No,0,0,1,0,0,1
1101,32,0,2,824.0,5,2,12,No,0,1,0,0,0,1
1102,36,1,4,1157.0,2,3,7,No,0,0,1,0,0,1
1103,48,0,4,492.0,16,3,18,No,0,0,1,0,0,1
1104,29,1,3,598.0,9,4,5,No,0,1,0,0,0,1
1105,33,1,4,1242.0,8,3,8,No,0,0,1,0,0,1
1106,30,1,3,740.0,1,2,10,Yes,0,0,1,0,0,1
1107,38,1,4,888.0,10,3,10,No,1,0,0,0,1,0
1108,35,1,3,992.0,1,2,3,No,0,1,0,0,0,1
1109,30,1,4,1288.0,29,3,9,No,0,0,1,0,0,1
1110,35,0,3,104.0,2,3,1,Yes,0,1,0,0,0,1
1111,53,0,5,607.0,2,2,34,Yes,0,1,0,0,0,1
1112,38,1,3,903.0,2,3,7,Yes,0,1,0,0,0,1
1113,32,1,4,1200.0,1,3,9,No,0,1,0,1,0,0
1114,48,0,4,1108.0,15,3,10,No,0,1,0,0,0,1
1115,34,1,4,479.0,7,3,1,No,0,1,0,0,0,1
1116,55,1,5,685.0,26,2,36,No,0,0,1,0,0,1
1117,34,1,4,1351.0,1,3,9,No,0,1,0,0,0,1
1118,26,0,3,474.0,3,3,1,No,0,1,0,0,0,1
1119,38,1,3,1245.0,14,3,10,No,0,0,1,0,0,1
1120,38,0,3,437.0,16,3,8,No,0,0,1,0,0,1
1121,36,0,4,884.0,1,3,15,No,0,0,1,0,0,1
1122,29,1,1,1370.0,3,3,10,No,0,1,0,0,0,1
1123,35,0,4,670.0,10,3,10,No,0,1,0,0,0,1
1124,39,1,3,1462.0,6,4,11,No,0,0,1,0,0,1
1125,29,1,1,995.0,2,3,6,No,0,1,0,0,1,0
1126,50,1,3,264.0,9,3,27,No,0,0,1,0,0,1
1127,23,1,3,977.0,10,4,4,No,0,1,0,0,0,1
1128,36,1,4,1302.0,6,4,9,No,0,1,0,0,1,0
1129,42,1,2,1059.0,9,2,24,No,0,1,0,0,0,1
1130,35,1,3,750.0,28,4,10,No,0,1,0,0,0,1
1131,34,1,4,653.0,10,2,8,No,0,1,0,0,1,0
1132,40,0,2,118.0,14,3,5,No,0,0,1,0,0,1
1133,43,1,3,990.0,27,4,8,No,0,1,0,0,0,1
1134,35,1,2,1349.0,7,2,1,No,0,1,0,0,0,1
1135,46,1,4,563.0,1,4,27,No,0,0,1,0,0,1
1136,28,1,3,329.0,24,3,1,Yes,0,1,0,0,0,1
1137,22,0,2,457.0,26,2,4,No,0,1,0,1,0,0
1138,50,1,5,1234.0,20,3,32,No,0,1,0,0,1,0
1139,32,0,4,634.0,5,4,6,No,0,1,0,0,0,1
1140,44,0,3,1313.0,7,3,23,No,0,1,0,0,0,1
1141,30,1,3,241.0,7,2,6,No,0,1,0,0,0,1
1142,45,0,5,1015.0,5,1,10,No,0,1,0,0,0,1
1143,45,1,3,336.0,26,2,10,No,0,0,1,1,0,0
1144,31,1,4,715.0,2,3,10,No,0,0,1,0,1,0
1145,36,0,4,559.0,12,3,7,No,0,1,0,0,0,1
1146,34,1,4,426.0,10,4,9,No,0,1,0,0,1,0
1147,49,0,4,722.0,25,3,10,No,0,1,0,0,0,1
1148,39,1,5,1387.0,10,3,10,No,0,1,0,0,0,1
1149,27,1,3,1302.0,19,2,7,No,0,1,0,0,0,1
1150,35,1,5,819.0,18,4,16,No,0,1,0,0,0,1
1151,28,0,3,580.0,27,1,6,No,0,1,0,0,0,1
1152,21,1,1,546.0,5,3,3,No,0,1,0,0,0,1
1153,18,0,2,544.0,3,3,0,Yes,0,0,1,0,1,0
1154,47,0,4,1176.0,26,3,27,No,1,0,0,0,0,1
1155,39,1,2,170.0,3,2,11,No,0,1,0,0,0,1
1156,40,0,3,884.0,15,2,18,No,0,1,0,0,0,1
1157,35,0,4,208.0,8,3,15,No,0,1,0,1,0,0
1158,37,1,3,671.0,19,3,9,No,0,1,0,0,0,1
1159,39,0,3,711.0,4,3,10,No,0,1,0,0,1,0
1160,45,0,2,1329.0,2,2,10,No,0,1,0,0,0,1
1161,38,0,2,397.0,2,2,10,No,0,1,0,0,0,1
1162,35,1,3,737.0,10,2,15,Yes,0,0,1,0,0,1
1163,37,0,3,1470.0,10,3,8,No,0,1,0,0,0,1
1164,40,0,3,448.0,16,3,18,No,0,1,0,0,0,1
1165,44,1,5,602.0,1,3,14,No,1,0,0,0,1,0
1166,48,1,5,365.0,4,2,23,No,0,1,0,0,1,0
1167,35,1,2,763.0,15,1,7,Yes,0,0,1,0,0,1
1168,24,0,1,567.0,2,3,6,No,0,1,0,0,1,0
1169,27,0,3,486.0,8,4,5,No,0,1,0,0,0,1
1170,27,1,3,591.0,2,3,6,No,0,1,0,0,1,0
1171,40,1,3,1329.0,7,3,10,Yes,0,1,0,0,0,1
1172,29,1,3,469.0,10,2,8,No,0,0,1,0,0,1
1173,36,0,4,711.0,5,3,9,No,0,1,0,0,0,1
1174,25,1,1,772.0,2,4,7,No,0,1,0,0,1,0
1175,39,1,3,492.0,12,3,7,No,0,1,0,0,0,1
1176,49,0,4,301.0,22,3,27,No,0,1,0,0,0,1
1177,50,0,5,813.0,17,2,19,No,0,1,0,0,0,1
1178,20,0,3,1141.0,2,3,2,No,0,0,1,0,0,1
1179,34,0,3,1130.0,3,3,11,No,0,1,0,0,0,1
1180,36,1,3,311.0,7,3,15,No,0,1,0,0,0,1
1181,49,0,1,465.0,6,2,30,No,0,1,0,0,0,1
1182,36,0,4,894.0,1,2,4,No,0,1,0,1,0,0
1183,36,1,2,1040.0,3,4,13,No,0,1,0,0,0,1
1184,54,0,5,584.0,22,3,36,No,0,1,0,0,0,1
1185,43,1,2,1291.0,15,2,14,No,0,1,0,0,0,1
1186,35,1,4,880.0,12,3,13,Yes,0,0,1,0,1,0
1187,38,1,3,1189.0,1,3,19,No,0,1,0,0,1,0
1188,29,1,3,991.0,5,2,10,No,0,0,1,0,0,1
1189,33,1,4,392.0,2,3,6,No,0,0,1,0,0,1
1190,32,1,3,977.0,2,3,10,No,0,1,0,0,0,1
1191,31,0,4,1112.0,5,3,10,No,0,0,1,0,0,1
1192,49,0,3,464.0,16,3,17,No,0,1,0,0,0,1
1193,38,0,3,148.0,2,2,4,No,0,1,0,0,1,0
1194,47,0,4,1225.0,2,4,29,No,0,0,1,0,0,1
1195,49,1,3,809.0,1,3,23,No,0,1,0,0,0,1
1196,41,1,2,1206.0,23,3,21,No,0,0,1,0,0,1
1197,20,1,1,727.0,9,3,2,No,0,0,1,0,0,1
1198,33,0,3,530.0,16,3,7,No,0,0,1,1,0,0
1199,36,1,4,1351.0,26,3,10,No,0,1,0,0,0,1
1200,44,0,3,528.0,1,3,8,No,1,0,0,0,0,1
1201,23,1,1,1320.0,8,2,5,Yes,0,1,0,0,0,1
1202,38,0,2,1495.0,4,3,7,No,0,1,0,0,0,1
1203,53,1,4,1395.0,24,4,11,No,0,1,0,0,0,1
1204,48,0,2,708.0,7,3,19,Yes,0,0,1,0,1,0
1205,32,1,4,1259.0,2,3,1,Yes,0,1,0,0,0,1
1206,26,1,3,786.0,7,3,7,No,0,1,0,1,0,0
1207,55,1,3,1441.0,22,2,8,No,0,1,0,0,0,1
1208,34,1,2,1157.0,5,2,15,No,0,1,0,0,0,1
1209,60,1,4,370.0,1,1,19,No,0,1,0,0,0,1
1210,33,1,3,267.0,21,4,14,No,0,1,0,0,0,1
1211,37,1,4,1278.0,1,1,6,No,0,0,1,0,1,0
1212,34,0,3,678.0,19,2,10,No,0,1,0,0,0,1
1213,23,1,3,427.0,7,3,3,Yes,0,0,1,0,0,1
1214,44,0,3,921.0,2,4,9,No,0,1,0,0,0,1
1215,35,1,4,146.0,2,2,6,No,0,1,0,0,1,0
1216,43,1,3,1179.0,2,3,10,No,0,0,1,0,0,1
1217,24,1,3,581.0,9,4,5,No,0,1,0,0,0,1
1218,41,1,3,918.0,6,3,10,No,0,0,1,0,0,1
1219,29,0,4,1082.0,9,3,9,No,0,1,0,0,0,1
1220,36,0,4,530.0,2,3,17,No,0,0,1,0,0,1
1221,45,1,1,1238.0,1,2,25,No,0,1,0,1,0,0
1222,24,1,1,240.0,22,1,1,Yes,1,0,0,0,0,1
1223,47,1,3,1093.0,9,1,25,Yes,0,0,1,0,1,0
1224,26,1,4,390.0,17,1,3,No,0,1,0,0,0,1
1225,45,0,2,1005.0,28,2,21,No,0,1,0,0,0,1
1226,32,1,3,585.0,10,3,10,No,0,1,0,0,1,0
1227,31,1,4,741.0,2,3,6,No,0,1,0,0,0,1
1228,41,1,3,552.0,4,1,10,No,1,0,0,1,0,0
1229,40,0,2,369.0,8,3,18,No,0,1,0,0,0,1
1230,24,1,1,506.0,29,3,6,No,0,1,0,0,0,1
1231,46,1,4,717.0,13,3,19,No,0,1,0,0,0,1
1232,35,1,4,1370.0,27,3,17,No,0,1,0,0,0,1
1233,30,1,1,793.0,16,3,10,No,0,1,0,0,0,1
1234,47,1,4,543.0,2,3,4,No,0,0,1,1,0,0
1235,46,1,3,1277.0,2,3,13,No,0,0,1,0,0,1
1236,36,1,5,1456.0,13,2,16,Yes,0,0,1,0,0,1
1237,32,1,2,964.0,1,1,10,Yes,0,0,1,0,0,1
1238,23,0,1,160.0,4,3,3,No,0,1,0,0,0,1
1239,31,0,1,163.0,24,3,9,No,0,1,0,0,1,0
1240,39,1,3,792.0,1,3,9,No,0,1,0,1,0,0
1241,32,1,3,371.0,19,1,10,No,0,0,1,0,0,1
1242,40,1,4,611.0,7,3,21,No,0,0,1,0,0,1
1243,45,0,3,176.0,4,1,9,No,1,0,0,0,0,1
1244,30,0,4,1312.0,2,2,10,No,0,1,0,0,1,0
1245,24,1,3,897.0,10,3,3,No,1,0,0,0,1,0
1246,30,0,3,600.0,8,2,6,Yes,1,0,0,0,1,0
1247,31,1,3,1003.0,5,3,6,No,0,0,1,0,0,1
1248,27,0,3,1054.0,8,3,6,No,0,1,0,0,0,1
1249,29,0,3,428.0,9,1,2,Yes,0,0,1,0,0,1
1250,29,1,3,461.0,1,4,10,No,0,1,0,0,1,0
1251,30,1,2,979.0,15,2,12,No,0,0,1,0,0,1
1252,34,1,4,181.0,2,4,6,No,0,1,0,0,0,1
1253,33,0,3,1283.0,2,3,13,No,0,0,1,1,0,0
1254,49,0,4,1313.0,11,3,8,No,0,0,1,0,0,1
1255,33,0,3,211.0,16,3,11,Yes,0,0,1,0,0,1
1256,38,0,2,594.0,2,2,9,No,0,1,0,0,1,0
1257,31,1,4,1079.0,16,3,10,Yes,0,0,1,0,0,1
1258,29,0,3,590.0,4,2,1,No,0,1,0,0,0,1
1259,30,1,3,305.0,16,4,10,No,0,1,0,0,0,1
1260,32,1,4,953.0,5,3,12,No,0,1,0,1,0,0
1261,38,1,3,833.0,18,1,15,No,0,1,0,0,0,1
1262,43,1,3,807.0,17,2,6,Yes,0,1,0,0,1,0
1263,42,1,3,855.0,12,3,7,No,0,1,0,0,0,1
1264,55,1,3,478.0,2,2,34,No,0,1,0,0,0,1
1265,33,1,3,775.0,4,3,11,No,0,1,0,1,0,0
1266,41,1,4,548.0,9,3,5,No,0,1,0,0,0,1
1267,34,1,3,1375.0,10,3,15,No,0,0,1,1,0,0
1268,53,0,4,661.0,1,2,27,No,0,1,0,1,0,0
1269,43,1,3,244.0,2,3,10,No,1,0,0,0,0,1
1270,34,0,2,511.0,3,1,6,No,0,0,1,0,0,1
1271,21,1,1,337.0,7,3,1,Yes,0,0,1,0,0,1
1272,38,0,2,1153.0,6,2,5,No,0,1,0,0,0,1
1273,22,0,1,1294.0,8,3,1,Yes,0,1,0,0,0,1
1274,31,0,4,196.0,29,2,13,No,0,0,1,0,0,1
1275,51,0,3,942.0,3,3,15,No,0,1,0,0,0,1
1276,37,1,2,589.0,9,2,5,No,0,0,1,0,0,1
1277,46,1,4,734.0,2,3,24,No,0,1,0,0,0,1
1278,36,1,3,1383.0,10,3,15,No,0,1,0,0,0,1
1279,44,1,2,429.0,1,3,6,Yes,0,1,0,0,1,0
1280,37,1,2,1239.0,8,3,19,No,1,0,0,0,0,1
1281,35,1,3,303.0,27,3,10,Yes,0,0,1,0,0,1
1282,33,1,4,867.0,8,4,14,No,0,1,0,0,0,1
1283,28,1,3,1181.0,1,3,5,No,0,1,0,0,0,1
1284,39,1,1,1253.0,10,3,9,No,0,1,0,0,0,1
1285,46,1,2,849.0,26,2,6,No,0,0,1,1,0,0
1286,40,0,2,616.0,2,3,7,No,0,1,0,0,0,1
1287,42,1,3,1128.0,13,4,10,No,0,1,0,0,0,1
1288,35,1,2,1180.0,2,3,15,No,0,1,0,1,0,0
1289,38,1,3,1336.0,2,3,13,No,1,0,0,1,0,0
1290,34,1,4,234.0,9,3,11,Yes,0,1,0,0,1,0
1291,37,1,4,370.0,10,3,10,Yes,0,1,0,0,0,1
1292,39,1,3,766.0,20,3,7,No,0,0,1,0,1,0
1293,43,1,3,343.0,9,3,7,No,0,1,0,1,0,0
1294,41,1,3,447.0,5,4,11,No,0,1,0,0,0,1
1295,41,0,1,796.0,4,3,23,No,0,0,1,0,0,1
1296,30,0,3,1092.0,10,3,9,No,0,1,0,0,0,1
1297,26,0,2,920.0,20,3,6,Yes,1,0,0,0,0,1
1298,46,0,2,261.0,21,3,13,Yes,0,1,0,0,0,1
1299,40,0,3,1194.0,1,3,12,No,0,1,0,0,0,1
1300,34,1,2,810.0,8,4,10,No,0,0,1,0,0,1
1301,58,1,3,350.0,2,3,37,No,0,0,1,1,0,0
1302,35,1,4,185.0,23,1,6,No,0,1,0,0,0,1
1303,47,0,3,1001.0,4,2,28,No,0,1,0,0,0,1
1304,40,0,3,750.0,12,3,15,No,0,1,0,0,0,1
1305,54,0,4,431.0,7,3,14,No,0,1,0,0,0,1
1306,31,0,4,1125.0,7,3,9,No,0,0,1,0,1,0
1307,28,0,3,1217.0,1,3,3,No,0,1,0,0,0,1
1308,38,0,4,723.0,2,1,20,No,0,0,1,0,0,1
1309,26,1,3,572.0,10,3,5,No,0,0,1,0,0,1
1310,58,1,4,1216.0,15,3,23,No,0,1,0,0,1,0
1311,18,0,3,1431.0,14,3,0,No,0,1,0,1,0,0
1312,31,1,5,359.0,18,4,2,Yes,1,0,0,0,0,1
1313,29,1,3,350.0,13,2,4,Yes,1,0,0,0,0,1
1314,45,0,4,589.0,2,3,10,No,0,0,1,1,0,0
1315,36,0,4,430.0,2,3,15,No,0,1,0,0,0,1
1316,43,1,4,1422.0,2,3,7,No,0,0,1,0,1,0
1317,27,0,2,1297.0,5,3,6,No,0,1,0,0,1,0
1318,29,1,1,574.0,20,3,11,No,0,1,0,0,1,0
1319,32,1,4,1318.0,10,3,4,No,0,0,1,0,1,0
1320,42,1,4,355.0,10,3,10,No,0,1,0,1,0,0
1321,47,0,4,207.0,9,3,7,No,0,1,0,0,0,1
1322,46,1,2,706.0,2,3,12,No,0,1,0,0,0,1
1323,28,1,2,280.0,1,3,3,No,1,0,0,1,0,0
1324,29,1,1,726.0,29,1,11,No,0,1,0,0,0,1
1325,42,1,3,1142.0,8,3,8,No,0,1,0,0,0,1
1326,32,1,4,414.0,2,2,7,Yes,0,0,1,0,0,1
1327,46,0,3,1319.0,3,4,25,No,0,0,1,0,0,1
1328,27,0,1,728.0,23,2,9,No,0,0,1,0,0,1
1329,29,1,1,352.0,6,2,1,No,1,0,0,0,0,1
1330,43,0,3,823.0,6,2,21,No,0,1,0,0,0,1
1331,48,1,3,1224.0,10,2,29,No,0,1,0,0,0,1
1332,29,1,2,459.0,24,2,1,Yes,0,1,0,0,1,0
1333,46,0,3,1254.0,10,3,14,Yes,0,0,1,0,0,1
1334,27,0,3,1131.0,15,2,8,No,0,1,0,0,1,0
1335,39,1,4,835.0,19,3,7,No,0,1,0,0,0,1
1336,55,1,4,836.0,2,2,19,No,0,1,0,0,0,1
1337,28,0,3,1172.0,3,3,1,No,0,0,1,0,0,1
1338,30,1,3,945.0,9,3,1,Yes,0,0,1,0,0,1
1339,22,1,1,391.0,7,3,1,Yes,0,1,0,0,0,1
1340,36,0,4,1266.0,10,2,10,No,0,0,1,0,0,1
1341,31,1,3,311.0,20,3,10,No,0,1,0,0,0,1
1342,34,1,3,1480.0,4,3,9,No,0,0,1,0,0,1
1343,29,1,3,592.0,7,3,11,No,0,1,0,0,0,1
1344,37,1,4,783.0,7,3,16,No,0,1,0,0,0,1
1345,35,0,2,219.0,16,2,4,No,0,1,0,0,0,1
1346,45,0,2,556.0,25,2,10,No,0,1,0,0,0,1
1347,36,1,1,1213.0,2,2,10,No,1,0,0,0,1,0
1348,40,1,4,1137.0,1,3,22,No,0,1,0,0,0,1
1349,26,0,2,482.0,1,2,1,No,0,1,0,0,0,1
1350,27,0,2,511.0,2,4,9,No,0,0,1,0,0,1
1351,48,0,3,117.0,22,3,24,No,0,1,0,0,1,0
1352,44,1,4,170.0,1,4,10,No,0,1,0,0,0,1
1353,34,1,4,967.0,16,1,5,Yes,0,1,0,1,0,0
1354,56,1,2,1162.0,24,3,5,Yes,0,1,0,0,0,1
1355,36,1,2,335.0,17,2,12,No,0,0,1,0,0,1
1356,41,0,3,337.0,8,3,14,No,0,0,1,0,0,1
1357,42,1,3,1396.0,6,3,18,No,0,1,0,0,0,1
1358,31,0,2,1079.0,10,3,8,No,0,0,1,0,0,1
1359,34,0,1,735.0,3,2,9,No,0,0,1,0,0,1
1360,31,0,3,471.0,4,4,4,No,0,1,0,0,0,1
1361,26,1,3,1096.0,6,4,8,No,0,1,0,0,1,0
1362,45,1,4,1297.0,1,3,12,No,0,1,0,0,1,0
1363,33,1,4,217.0,10,3,10,No,0,0,1,0,0,1
1364,28,1,2,783.0,1,2,7,No,0,0,1,0,1,0
1365,29,1,3,746.0,24,4,1,Yes,0,0,1,0,1,0
1366,39,0,4,1251.0,21,1,10,No,0,0,1,1,0,0
1367,27,1,4,1354.0,2,3,6,No,0,1,0,0,0,1
1368,34,1,4,735.0,22,2,16,No,0,1,0,0,1,0
1369,28,0,2,1475.0,13,3,6,Yes,0,0,1,0,0,1
1370,47,1,4,1169.0,14,3,16,No,0,1,0,1,0,0
1371,56,0,5,1443.0,11,2,6,No,0,0,1,0,0,1
1372,39,1,2,867.0,9,3,10,No,0,1,0,0,0,1
1373,38,0,3,1394.0,8,2,20,No,0,1,0,0,1,0
1374,58,0,3,605.0,21,3,29,No,0,0,1,0,0,1
1375,32,0,2,238.0,5,4,8,Yes,0,1,0,0,1,0
1376,38,1,2,1206.0,9,3,10,No,0,1,0,0,0,1
1377,49,1,1,1064.0,2,3,28,No,0,1,0,0,1,0
1378,42,1,4,419.0,12,3,14,No,0,0,1,0,0,1
1379,27,0,3,1337.0,22,2,1,Yes,1,0,0,0,1,0
1380,35,1,4,682.0,18,3,6,No,0,0,1,0,0,1
1381,28,1,3,1103.0,16,3,5,No,0,1,0,1,0,0
1382,31,1,2,976.0,3,3,4,No,0,1,0,1,0,0
1383,36,1,4,1351.0,9,4,5,No,0,1,0,1,0,0
1384,34,1,3,937.0,1,3,14,No,0,0,1,0,0,1
1385,34,1,4,1239.0,13,3,9,No,0,0,1,0,0,1
1386,26,1,3,157.0,1,3,8,No,0,1,0,0,0,1
1387,29,1,3,136.0,1,3,6,No,0,1,0,0,0,1
1388,32,0,4,1146.0,15,3,9,No,0,1,0,1,0,0
1389,31,1,3,1125.0,1,1,10,No,0,1,0,0,1,0
1390,28,1,3,1404.0,17,2,6,Yes,0,1,0,0,0,1
1391,38,1,3,1404.0,1,2,20,No,0,0,1,0,0,1
1392,35,0,4,1224.0,7,3,10,No,0,0,1,0,0,1
1393,27,1,3,954.0,9,3,7,No,0,0,1,0,0,1
1394,32,1,4,1373.0,5,2,8,No,0,1,0,0,0,1
1395,31,1,4,754.0,26,3,10,Yes,0,0,1,0,1,0
1396,53,1,4,1168.0,24,3,15,Yes,0,0,1,0,0,1
1397,54,0,2,155.0,9,3,9,No,0,1,0,0,0,1
1398,33,1,2,1303.0,7,3,9,No,0,1,0,0,1,0
1399,43,1,3,574.0,11,3,10,No,0,1,0,0,0,1
1400,38,1,4,1444.0,1,3,7,No,1,0,0,0,1,0
1401,55,1,4,189.0,26,4,35,No,1,0,0,0,0,1
1402,31,0,1,1276.0,2,1,1,No,0,1,0,0,0,1
1403,39,1,4,119.0,15,3,21,No,0,0,1,0,0,1
1404,42,1,2,335.0,23,2,20,No,0,1,0,1,0,0
1405,31,0,3,697.0,10,3,13,No,0,1,0,1,0,0
1406,54,0,3,157.0,10,3,9,No,0,1,0,0,0,1
1407,24,1,2,771.0,1,2,4,No,0,1,0,0,0,1
1408,23,1,2,571.0,12,3,5,No,0,1,0,0,0,1
1409,40,0,3,692.0,11,3,10,No,0,1,0,0,1,0
1410,40,0,2,444.0,2,3,15,No,0,0,1,0,0,1
1411,25,0,3,309.0,2,3,6,No,1,0,0,0,0,1
1412,30,1,2,911.0,1,3,12,No,0,1,0,0,0,1
1413,25,1,1,977.0,2,3,7,No,0,1,0,0,0,1
1414,47,1,3,1180.0,25,3,25,No,0,1,0,0,0,1
1415,33,1,2,1313.0,1,2,1,No,0,1,0,1,0,0
1416,38,1,4,1321.0,1,3,16,No,0,0,1,0,0,1
1417,31,1,2,1154.0,2,3,3,No,0,0,1,0,0,1
1418,38,1,4,508.0,6,2,10,No,0,1,0,0,1,0
1419,42,1,4,557.0,18,3,9,No,0,1,0,0,0,1
1420,41,1,3,642.0,1,3,12,No,0,1,0,0,0,1
1421,47,0,1,1162.0,1,3,14,No,0,1,0,1,0,0
1422,35,1,4,1490.0,11,3,5,No,0,1,0,0,0,1
1423,22,1,2,581.0,1,3,4,No,0,1,0,0,0,1
1424,35,1,4,1395.0,9,3,10,No,0,1,0,0,0,1
1425,33,0,2,501.0,15,3,10,No,0,1,0,0,0,1
1426,32,0,4,267.0,29,2,6,No,0,1,0,0,0,1
1427,40,1,4,543.0,1,3,8,No,0,1,0,0,0,1
1428,32,1,4,234.0,1,2,3,No,0,0,1,0,0,1
1429,39,1,1,116.0,24,3,18,No,0,1,0,0,0,1
1430,38,0,3,201.0,10,1,20,No,0,1,0,0,0,1
1431,32,0,4,801.0,1,3,14,No,0,0,1,0,0,1
1432,37,0,3,161.0,10,4,16,No,0,1,0,0,0,1
1433,25,0,2,1382.0,8,3,6,No,0,0,1,0,0,1
1434,52,1,4,585.0,29,3,16,No,0,0,1,1,0,0
1435,44,1,3,1037.0,1,3,6,No,0,1,0,0,0,1
1436,21,1,1,501.0,5,3,2,No,0,0,1,0,0,1
1437,39,1,3,105.0,9,3,21,No,0,1,0,1,0,0
1438,23,1,3,638.0,9,3,1,Yes,0,0,1,0,1,0
1439,36,0,3,557.0,3,2,10,No,0,0,1,0,0,1
1440,36,0,2,688.0,4,3,18,No,0,1,0,0,1,0
1441,56,1,4,667.0,1,3,13,No,0,1,0,1,0,0
1442,29,1,4,1092.0,1,3,4,Yes,0,1,0,0,0,1
1443,42,1,3,300.0,2,3,24,No,0,1,0,0,0,1
1444,56,1,2,310.0,7,3,14,Yes,0,1,0,0,0,1
1445,41,0,4,582.0,28,2,21,No,0,1,0,0,0,1
1446,34,0,3,704.0,28,2,8,No,0,0,1,0,0,1
1447,36,1,4,301.0,15,1,15,No,0,0,1,1,0,0
1448,41,1,3,930.0,3,2,14,No,0,0,1,0,0,1
1449,32,1,3,529.0,2,3,4,No,0,1,0,0,0,1
1450,35,0,4,1146.0,26,3,9,No,1,0,0,0,0,1
1451,38,0,2,345.0,10,3,10,No,0,0,1,0,0,1
1452,50,1,4,878.0,1,3,12,Yes,0,0,1,0,1,0
1453,36,0,4,1120.0,11,2,8,No,0,0,1,0,0,1
1454,45,0,3,374.0,20,3,8,No,0,0,1,0,0,1
1455,40,1,4,1322.0,2,2,8,No,0,1,0,0,0,1
1456,35,1,4,1199.0,18,3,10,No,0,1,0,0,1,0
1457,40,0,4,1194.0,2,3,20,No,0,1,0,0,0,1
1458,35,0,4,287.0,1,1,4,No,0,1,0,0,0,1
1459,29,1,2,1378.0,13,2,10,No,0,1,0,0,0,1
1460,29,0,4,468.0,28,2,5,No,0,1,0,0,0,1
1461,50,1,3,410.0,28,2,20,Yes,0,0,1,0,0,1
1462,39,0,1,722.0,24,2,21,No,0,0,1,0,0,1
1463,31,1,3,325.0,5,3,10,No,0,1,0,1,0,0
1464,26,0,3,1167.0,5,2,5,No,0,0,1,0,0,1
1465,36,1,2,884.0,23,4,17,No,0,1,0,0,1,0
1466,39,1,1,613.0,6,2,9,No,0,1,0,0,0,1
1467,27,1,3,155.0,4,4,6,No,0,1,0,0,0,1
1468,49,1,3,1023.0,2,2,17,No,0,0,1,0,1,0
1469,34,1,3,628.0,8,4,6,No,0,1,0,0,0,1
